row	label	geometry	liveness	semantics	target	reproducibility	frozen_gate	encodable	dispatched	distinct_actual_enc	records	legal_ok	silent	hard	fault_values	hang_values	collapsed	untested	valid_payloads	sem_checks	carriers	hazard
atomic_mem.amode	untested	geometry-mapped	live in the tested envelope	unknown	G16G-direct	auditable	passed-own-gate	256	256	256	2056	256	768	0	0	0	0	0	2	2056	2	yes
atomic_mem.base_slot	untested	geometry-mapped	inert in the tested envelope	unknown	G16G-direct	auditable	passed-own-gate	256	256	256	1028	256	0	0	0	0	0	0	1	1028	2	no
atomic_mem.rsv3	untested	geometry-mapped	inert in the tested envelope	unknown	G16G-direct	auditable	passed-own-gate	256	256	256	1028	256	0	0	0	0	0	0	1	1028	2	no
atomic_rmw.addr_desc_hi	untested	ledger-verified via a composite/byte-position/legacy-named record	live in the tested envelope	unknown	G16G-direct	auditable	passed-own-gate	4	256	256	512	0	480	8	0	0	0	n/a	3	512	0	yes
atomic_rmw.amode	untested	geometry-mapped	live in the tested envelope	unknown	G16G-direct	auditable	passed-own-gate	256	256	256	1024	256	448	0	0	0	0	0	2	1024	1	yes
atomic_rmw.base_slot	untested	geometry-mapped	inert in the tested envelope	unknown	G16G-direct	auditable	passed-own-gate	256	256	256	512	256	0	0	0	0	0	0	1	512	1	no
atomic_rmw.op_msb	untested	ledger-verified via a composite/byte-position/legacy-named record	live in the tested envelope	unknown	G16G-direct	independently-confirmed	passed-own-gate	2	256	256	1024	0	800	0	0	0	0	n/a	4	1024	0	yes
atomic_rmw.per_lane	untested	ledger-verified via a composite/byte-position/legacy-named record	live in the tested envelope	unknown	G16G-direct	independently-confirmed	passed-own-gate	2	256	256	1024	0	800	0	0	0	0	n/a	4	1024	0	yes
atomic_rmw.rsv3	untested	geometry-mapped	inert in the tested envelope	unknown	G16G-direct	auditable	passed-own-gate	256	256	256	512	256	0	0	0	0	0	0	1	512	1	no
atomic_tg.amode	untested	geometry-mapped	inert in the tested envelope	unknown	G16G-direct	auditable	passed-own-gate	256	256	256	514	256	0	0	0	0	0	0	1	514	1	no
atomic_tg.op_desc	untested	geometry-mapped	live in the tested envelope	unknown	G16G-direct	independently-confirmed	passed-own-gate	256	256	256	898	4	492	10	4	2	0	0	4	898	1	yes
atomic_tg.ret_desc	untested	geometry-mapped	inert in the tested envelope	unknown	G16G-direct	auditable	passed-own-gate	256	256	256	514	256	0	0	0	0	0	0	1	514	1	no
atomic_tg.rsv10lo	untested	ledger-verified via a composite/byte-position/legacy-named record	live in the tested envelope	unknown	G16G-direct	independently-confirmed	passed-own-gate	64	256	256	1026	0	508	0	0	0	0	n/a	4	1026	0	yes
b_alu10_lo6.dst	corpus-correlation	unverified	not-dispatched	unknown	cross-target-inferred	incomplete	never-promoted	16	0	0	0	0	0	0	0	0	0	16	0	0	0	no
b_alu10_lo6.ext8	corpus-correlation	unverified	not-dispatched	unknown	cross-target-inferred	incomplete	never-promoted	256	0	0	0	0	0	0	0	0	0	256	0	0	0	no
b_alu10_lo6.ext9	corpus-correlation	unverified	not-dispatched	unknown	cross-target-inferred	incomplete	never-promoted	256	0	0	0	0	0	0	0	0	0	256	0	0	0	no
b_alu10_lo6.modA	corpus-correlation	unverified	not-dispatched	unknown	cross-target-inferred	incomplete	never-promoted	256	0	0	0	0	0	0	0	0	0	256	0	0	0	no
b_alu10_lo6.modB	corpus-correlation	unverified	not-dispatched	unknown	cross-target-inferred	incomplete	never-promoted	256	0	0	0	0	0	0	0	0	0	256	0	0	0	no
b_alu10_lo6.opsel_hi	corpus-correlation	unverified	not-dispatched	unknown	cross-target-inferred	incomplete	never-promoted	16	0	0	0	0	0	0	0	0	0	16	0	0	0	no
b_alu10_lo6.outmod	corpus-correlation	unverified	not-dispatched	unknown	cross-target-inferred	incomplete	never-promoted	256	0	0	0	0	0	0	0	0	0	256	0	0	0	no
b_alu10_lo6.srcA	corpus-correlation	unverified	not-dispatched	unknown	cross-target-inferred	incomplete	never-promoted	256	0	0	0	0	0	0	0	0	0	256	0	0	0	no
b_alu10_lo6.src_flag	corpus-correlation	unverified	not-dispatched	unknown	cross-target-inferred	incomplete	never-promoted	2	0	0	0	0	0	0	0	0	0	2	0	0	0	no
b_alu10_lo6.src_reg	corpus-correlation	unverified	not-dispatched	unknown	cross-target-inferred	incomplete	never-promoted	128	0	0	0	0	0	0	0	0	0	128	0	0	0	no
b_alu10_lo6.z6	corpus-correlation	unverified	not-dispatched	unknown	cross-target-inferred	incomplete	never-promoted	256	0	0	0	0	0	0	0	0	0	256	0	0	0	no
b_alu10_lo7.dst	corpus-correlation	unverified	not-dispatched	unknown	cross-target-inferred	incomplete	never-promoted	16	0	0	0	0	0	0	0	0	0	16	0	0	0	no
b_alu10_lo7.ext8	corpus-correlation	unverified	not-dispatched	unknown	cross-target-inferred	incomplete	never-promoted	256	0	0	0	0	0	0	0	0	0	256	0	0	0	no
b_alu10_lo7.ext9	single-template-inference	unverified	not-dispatched	unknown	cross-target-inferred	incomplete	never-promoted	256	0	0	0	0	0	0	0	0	0	256	0	0	0	no
b_alu10_lo7.modA	tokenization-only	unverified	not-dispatched	unknown	cross-target-inferred	incomplete	never-promoted	256	0	0	0	0	0	0	0	0	0	256	0	0	0	no
b_alu10_lo7.modB	tokenization-only	unverified	not-dispatched	unknown	cross-target-inferred	incomplete	never-promoted	256	0	0	0	0	0	0	0	0	0	256	0	0	0	no
b_alu10_lo7.opsel_hi	corpus-correlation	unverified	not-dispatched	unknown	cross-target-inferred	incomplete	never-promoted	16	0	0	0	0	0	0	0	0	0	16	0	0	0	no
b_alu10_lo7.outmod	tokenization-only	unverified	not-dispatched	unknown	cross-target-inferred	incomplete	never-promoted	256	0	0	0	0	0	0	0	0	0	256	0	0	0	no
b_alu10_lo7.srcA	corpus-correlation	unverified	not-dispatched	unknown	cross-target-inferred	incomplete	never-promoted	256	0	0	0	0	0	0	0	0	0	256	0	0	0	no
b_alu10_lo7.src_flag	corpus-correlation	geometry-mapped	live in the tested envelope	unknown	G17P-direct	auditable	never-promoted	2	2	2	19	2	0	0	0	0	0	0	2	19	2	no
b_alu10_lo7.src_reg	corpus-correlation	ledger-verified	live in the tested envelope	unknown	G17P-direct	auditable	never-promoted	128	20	20	163	2	0	0	0	0	0	108	16	163	2	no
b_alu10_lo7.z6	single-template-inference	unverified	not-dispatched	unknown	cross-target-inferred	incomplete	never-promoted	256	0	0	0	0	0	0	0	0	0	256	0	0	0	no
b_alu10_loe.dst	corpus-correlation	unverified	not-dispatched	unknown	cross-target-inferred	incomplete	never-promoted	16	0	0	0	0	0	0	0	0	0	16	0	0	0	no
b_alu10_loe.ext8	single-template-inference	unverified	not-dispatched	unknown	cross-target-inferred	incomplete	never-promoted	256	0	0	0	0	0	0	0	0	0	256	0	0	0	no
b_alu10_loe.ext9	single-template-inference	unverified	not-dispatched	unknown	cross-target-inferred	incomplete	never-promoted	256	0	0	0	0	0	0	0	0	0	256	0	0	0	no
b_alu10_loe.modA	untested	unverified	not-dispatched	unknown	cross-target-inferred	incomplete	passed-own-gate	256	0	0	0	0	0	0	0	0	0	256	0	0	0	no
b_alu10_loe.modB	untested	unverified	not-dispatched	unknown	cross-target-inferred	incomplete	passed-own-gate	256	0	0	0	0	0	0	0	0	0	256	0	0	0	no
b_alu10_loe.opsel_hi	corpus-correlation	unverified	not-dispatched	unknown	cross-target-inferred	incomplete	never-promoted	16	0	0	0	0	0	0	0	0	0	16	0	0	0	no
b_alu10_loe.outmod	untested	unverified	not-dispatched	unknown	cross-target-inferred	incomplete	passed-own-gate	256	0	0	0	0	0	0	0	0	0	256	0	0	0	no
b_alu10_loe.srcA	untested	unverified	not-dispatched	unknown	cross-target-inferred	incomplete	passed-own-gate	256	0	0	0	0	0	0	0	0	0	256	0	0	0	no
b_alu10_loe.src_flag	untested	unverified	not-dispatched	unknown	cross-target-inferred	incomplete	passed-own-gate	2	0	0	0	0	0	0	0	0	0	2	0	0	0	no
b_alu10_loe.src_reg	untested	unverified	not-dispatched	unknown	cross-target-inferred	incomplete	passed-own-gate	128	0	0	0	0	0	0	0	0	0	128	0	0	0	no
b_alu10_loe.z6	single-template-inference	unverified	not-dispatched	unknown	cross-target-inferred	incomplete	never-promoted	256	0	0	0	0	0	0	0	0	0	256	0	0	0	no
b_alu10_lof.dst	corpus-correlation	unverified	not-dispatched	unknown	cross-target-inferred	incomplete	never-promoted	16	0	0	0	0	0	0	0	0	0	16	0	0	0	no
b_alu10_lof.ext8	single-template-inference	unverified	not-dispatched	unknown	cross-target-inferred	incomplete	never-promoted	256	0	0	0	0	0	0	0	0	0	256	0	0	0	no
b_alu10_lof.ext9	single-template-inference	unverified	not-dispatched	unknown	cross-target-inferred	incomplete	never-promoted	256	0	0	0	0	0	0	0	0	0	256	0	0	0	no
b_alu10_lof.modA	untested	unverified	not-dispatched	unknown	cross-target-inferred	incomplete	passed-own-gate	256	0	0	0	0	0	0	0	0	0	256	0	0	0	no
b_alu10_lof.modB	untested	unverified	not-dispatched	unknown	cross-target-inferred	incomplete	passed-own-gate	256	0	0	0	0	0	0	0	0	0	256	0	0	0	no
b_alu10_lof.opsel_hi	corpus-correlation	unverified	not-dispatched	unknown	cross-target-inferred	incomplete	never-promoted	16	0	0	0	0	0	0	0	0	0	16	0	0	0	no
b_alu10_lof.outmod	untested	unverified	not-dispatched	unknown	cross-target-inferred	incomplete	passed-own-gate	256	0	0	0	0	0	0	0	0	0	256	0	0	0	no
b_alu10_lof.srcA	untested	unverified	not-dispatched	unknown	cross-target-inferred	incomplete	passed-own-gate	256	0	0	0	0	0	0	0	0	0	256	0	0	0	no
b_alu10_lof.src_flag	untested	unverified	not-dispatched	unknown	cross-target-inferred	incomplete	passed-own-gate	2	0	0	0	0	0	0	0	0	0	2	0	0	0	no
b_alu10_lof.src_reg	untested	unverified	not-dispatched	unknown	cross-target-inferred	incomplete	passed-own-gate	128	0	0	0	0	0	0	0	0	0	128	0	0	0	no
b_alu10_lof.z6	single-template-inference	unverified	not-dispatched	unknown	cross-target-inferred	incomplete	never-promoted	256	0	0	0	0	0	0	0	0	0	256	0	0	0	no
b_alu14_c83.fmt10	tokenization-only	unverified	not-dispatched	unknown	cross-target-inferred	incomplete	never-promoted	256	0	0	0	0	0	0	0	0	0	256	0	0	0	no
b_alu14_c83.fmt4	tokenization-only	unverified	not-dispatched	unknown	cross-target-inferred	incomplete	never-promoted	256	0	0	0	0	0	0	0	0	0	256	0	0	0	no
b_alu14_c83.fmt6	tokenization-only	unverified	not-dispatched	unknown	cross-target-inferred	incomplete	never-promoted	256	0	0	0	0	0	0	0	0	0	256	0	0	0	no
b_alu14_c83.form	tokenization-only	unverified	not-dispatched	unknown	cross-target-inferred	incomplete	never-promoted	8	0	0	0	0	0	0	0	0	0	8	0	0	0	no
b_alu14_c83.reg_a	tokenization-only	unverified	not-dispatched	unknown	cross-target-inferred	incomplete	never-promoted	256	0	0	0	0	0	0	0	0	0	256	0	0	0	no
b_alu14_c83.reg_b	tokenization-only	unverified	not-dispatched	unknown	cross-target-inferred	incomplete	never-promoted	256	0	0	0	0	0	0	0	0	0	256	0	0	0	no
b_alu14_c83.rsv11	tokenization-only	unverified	not-dispatched	unknown	cross-target-inferred	incomplete	never-promoted	256	0	0	0	0	0	0	0	0	0	256	0	0	0	no
b_alu14_c83.rsv8	tokenization-only	unverified	not-dispatched	unknown	cross-target-inferred	incomplete	never-promoted	256	0	0	0	0	0	0	0	0	0	256	0	0	0	no
b_alu14_c83.rsv9	tokenization-only	unverified	not-dispatched	unknown	cross-target-inferred	incomplete	never-promoted	256	0	0	0	0	0	0	0	0	0	256	0	0	0	no
b_alu14_c83.srcB_reg	tokenization-only	unverified	not-dispatched	unknown	cross-target-inferred	incomplete	never-promoted	256	0	0	0	0	0	0	0	0	0	256	0	0	0	no
b_alu14_c83.srcU_desc	tokenization-only	unverified	not-dispatched	unknown	cross-target-inferred	incomplete	never-promoted	256	0	0	0	0	0	0	0	0	0	256	0	0	0	no
b_alu14_c83.srcU_reg	tokenization-only	unverified	not-dispatched	unknown	cross-target-inferred	incomplete	never-promoted	256	0	0	0	0	0	0	0	0	0	256	0	0	0	no
b_alu14_c83.src_lo	tokenization-only	unverified	not-dispatched	unknown	cross-target-inferred	incomplete	never-promoted	256	0	0	0	0	0	0	0	0	0	256	0	0	0	no
b_alu14_prep2.dst	tokenization-only	unverified	not-dispatched	unknown	cross-target-inferred	incomplete	never-promoted	16	0	0	0	0	0	0	0	0	0	16	0	0	0	no
b_alu14_prep2.sel	tokenization-only	unverified	not-dispatched	unknown	cross-target-inferred	incomplete	never-promoted	256	0	0	0	0	0	0	0	0	0	256	0	0	0	no
bf_alu8_var.dst	tokenization-only	unverified	not-dispatched	unknown	cross-target-inferred	incomplete	never-promoted	16	0	0	0	0	0	0	0	0	0	16	0	0	0	no
bf_alu8_var.form	tokenization-only	unverified	not-dispatched	unknown	cross-target-inferred	incomplete	never-promoted	256	0	0	0	0	0	0	0	0	0	256	0	0	0	no
bf_alu8_var.opsel	tokenization-only	unverified	not-dispatched	unknown	cross-target-inferred	incomplete	never-promoted	256	0	0	0	0	0	0	0	0	0	256	0	0	0	no
bf_alu8_var.srcA	tokenization-only	unverified	not-dispatched	unknown	cross-target-inferred	incomplete	never-promoted	256	0	0	0	0	0	0	0	0	0	256	0	0	0	no
bf_alu8_var.srcB	tokenization-only	unverified	not-dispatched	unknown	cross-target-inferred	incomplete	never-promoted	256	0	0	0	0	0	0	0	0	0	256	0	0	0	no
bf_alu8_var.tail	tokenization-only	unverified	not-dispatched	unknown	cross-target-inferred	incomplete	never-promoted	n/a (width=24 bits)	0	0	0	0	0	0	0	0	0	n/a	0	0	0	no
bf_mul_dst.dst	untested	unverified	not-dispatched	unknown	cross-target-inferred	incomplete	never-promoted	16	0	0	0	0	0	0	0	0	0	16	0	0	0	no
bf_mul_dst.fmt	corpus-correlation	unverified	not-dispatched	unknown	cross-target-inferred	incomplete	never-promoted	256	0	0	0	0	0	0	0	0	0	256	0	0	0	no
bf_mul_dst.srcA	untested	unverified	not-dispatched	unknown	cross-target-inferred	incomplete	never-promoted	256	0	0	0	0	0	0	0	0	0	256	0	0	0	no
bf_mul_dst.srcB	untested	unverified	not-dispatched	unknown	cross-target-inferred	incomplete	never-promoted	256	0	0	0	0	0	0	0	0	0	256	0	0	0	no
bf_mul_dst.tail	untested	unverified	not-dispatched	unknown	cross-target-inferred	incomplete	never-promoted	n/a (width=24 bits)	0	0	0	0	0	0	0	0	0	n/a	0	0	0	no
call.tail	untested	geometry-mapped	inert in the tested envelope	unknown	G17P-direct	independently-confirmed	passed-own-gate	256	256	256	5696	256	0	0	0	0	0	0	1	4672	11	no
call_indirect.b2	tokenization-only	unverified	not-dispatched	unknown	cross-target-inferred	incomplete	never-promoted	256	0	0	0	0	0	0	0	0	0	256	0	0	0	no
call_indirect.b4	tokenization-only	unverified	not-dispatched	unknown	cross-target-inferred	incomplete	never-promoted	256	0	0	0	0	0	0	0	0	0	256	0	0	0	no
call_indirect.b5	tokenization-only	unverified	not-dispatched	unknown	cross-target-inferred	incomplete	never-promoted	256	0	0	0	0	0	0	0	0	0	256	0	0	0	no
call_indirect.target_lo	tokenization-only	unverified	not-dispatched	unknown	cross-target-inferred	incomplete	never-promoted	256	0	0	0	0	0	0	0	0	0	256	0	0	0	no
compute_fence_scoped.kind	tokenization-only	geometry-mapped	inert in the tested envelope	unknown	G16G-direct	auditable	never-promoted	256	256	256	512	256	0	0	0	0	0	0	1	512	1	no
compute_fence_scoped.mask	tokenization-only	geometry-mapped	live in the tested envelope	unknown	G16G-direct	auditable	never-promoted	256	256	256	512	246	0	0	0	0	0	0	7	512	1	no
compute_fence_scoped.scope	tokenization-only	geometry-mapped	inert in the tested envelope	unknown	G16G-direct	auditable	never-promoted	256	256	256	512	256	0	0	0	0	0	0	1	512	1	no
coord_madf.b1	tokenization-only	unverified	not-dispatched	unknown	cross-target-inferred	incomplete	never-promoted	256	0	0	0	0	0	0	0	0	0	256	0	0	0	no
coord_madf.body	tokenization-only	unverified	not-dispatched	unknown	cross-target-inferred	incomplete	never-promoted	n/a (width=40 bits)	0	0	0	0	0	0	0	0	0	n/a	0	0	0	no
coord_madf.mark	tokenization-only	unverified	not-dispatched	unknown	cross-target-inferred	incomplete	never-promoted	256	0	0	0	0	0	0	0	0	0	256	0	0	0	no
coord_madf.srcA	tokenization-only	unverified	not-dispatched	unknown	cross-target-inferred	incomplete	never-promoted	256	0	0	0	0	0	0	0	0	0	256	0	0	0	no
copysign.operands	untested	geometry-mapped	live in the tested envelope	unknown	G16G-direct	independently-confirmed	passed-own-gate	256	256	256	10512	256	0	0	0	0	0	0	17	10512	6	no
cubearray_coord_const.b3	tokenization-only	geometry-mapped	accepted-inert among the legal values in the tested envelope	unknown	G17P-direct	auditable	never-promoted	256	256	256	512	256	0	254	254	0	0	0	1	512	2	yes
cvt_f2i.b9	single-template-inference	geometry-mapped	live in the tested envelope	unknown	G16G-direct	independently-confirmed	passed-own-gate	256	256	256	7480	256	0	256	0	256	0	0	33	7480	10	yes
cvt_i2f_src.dst_desc	untested	geometry-mapped	live in the tested envelope	unknown	G16G-direct	auditable	passed-own-gate	256	256	256	768	2	4	384	64	256	0	0	15	768	1	yes
cvt_i2f_src.src_cache	untested	geometry-mapped	live in the tested envelope	unknown	G16G-direct	auditable	passed-own-gate	256	256	256	1536	256	0	512	0	256	0	0	11	1536	1	no
dev_scoreboard_fence.scope_flag	corpus-correlation	geometry-mapped	inert in the tested envelope	unknown	G16G-direct	independently-confirmed	never-promoted	256	256	256	526	256	0	0	0	0	0	0	1	526	2	no
device_load.access_desc	untested	geometry-mapped	inert in the tested envelope	unknown	G16G-direct	auditable	passed-own-gate	256	256	256	768	256	0	0	0	0	0	0	1	768	1	no
device_load.addr_mode	untested	geometry-mapped	inert in the tested envelope	unknown	G16G-direct	auditable	passed-own-gate	256	256	256	768	256	0	0	0	0	0	0	1	768	1	no
device_load.reserved13	untested	geometry-mapped	inert in the tested envelope	unknown	G16G-direct	auditable	passed-own-gate	256	256	256	768	256	0	0	0	0	0	0	1	768	1	no
device_load.reserved7	untested	geometry-mapped	inert in the tested envelope	unknown	G16G-direct	auditable	passed-own-gate	256	256	256	768	256	0	0	0	0	0	0	1	768	1	no
falu2_ext.ctrl	untested	geometry-mapped	live in the tested envelope	unknown	G16G-direct	independently-confirmed	passed-own-gate	128	128	128	1742	16	380	64	38	0	0	0	7	1742	2	yes
falu2_ext.srcA_size	untested	geometry-mapped	live in the tested envelope	unknown	G16G-direct	independently-confirmed	passed-own-gate	2	2	2	12	2	0	0	0	0	0	0	2	12	2	no
falu2_ext.srcB_imm	untested	geometry-mapped	live in the tested envelope	unknown	G16G-direct	independently-confirmed	passed-own-gate	2	2	2	12	2	0	0	0	0	0	0	2	12	2	no
falu2_srcmod10.ctrl	untested	geometry-mapped	live in the tested envelope	unknown	G16G-direct	independently-confirmed	never-promoted	128	128	128	768	24	216	10	10	0	0	0	3	768	2	yes
falu2_srcmod10.opsel	corpus-correlation	geometry-mapped	live in the tested envelope	unknown	G16G-direct	independently-confirmed	never-promoted	8	8	8	48	2	0	5	2	0	0	0	5	48	2	yes
falu2i.ctrl_lo	untested	geometry-mapped	live in the tested envelope	unknown	G16G-direct	independently-confirmed	passed-own-gate	128	128	128	1156	4	288	19	19	0	0	0	18	1156	3	yes
falu2i.mods	untested	geometry-mapped	live in the tested envelope	unknown	G16G-direct	independently-confirmed	passed-own-gate	256	256	256	1280	16	64	0	0	0	0	0	5	1280	2	yes
falu2i.opflags	untested	geometry-mapped	live in the tested envelope	unknown	G17P-direct	auditable	passed-own-gate	16	16	16	32	4	12	0	0	0	0	0	3	32	1	yes
falu2i.srcA_reg_top	untested	geometry-mapped	live in the tested envelope	unknown	G17P-direct	independently-confirmed	passed-own-gate	2	64	64	156	2	0	0	0	0	0	n/a	15	156	1	no
falu3.op	untested	geometry-mapped	live in the tested envelope	unknown	G16G-direct	independently-confirmed	passed-own-gate	256	256	256	12476	24	2426	2518	33	0	0	0	42	12476	6	yes
falu3_ext.op	untested	geometry-mapped	live in the tested envelope	unknown	G16G-direct	independently-confirmed	passed-own-gate	256	256	256	14848	16	2018	3270	35	0	0	0	52	14848	6	yes
falu3_srcmod12.ctrl	untested	geometry-mapped	live in the tested envelope	unknown	G16G-direct	independently-confirmed	never-promoted	128	128	128	3328	12	1278	39	26	0	0	0	8	3328	5	yes
falu3_srcmod12.opsel	untested	geometry-mapped	live in the tested envelope	unknown	G16G-direct	independently-confirmed	never-promoted	8	8	8	228	2	60	6	2	0	0	0	7	228	5	yes
falu_compact4.dst	untested	unverified	not-dispatched	unknown	cross-target-inferred	incomplete	never-promoted	16	0	0	0	0	0	0	0	0	0	16	0	0	0	no
falu_compact4.operand	untested	unverified	not-dispatched	unknown	cross-target-inferred	incomplete	never-promoted	256	0	0	0	0	0	0	0	0	0	256	0	0	0	no
falu_compact4.opmode	corpus-correlation	unverified	not-dispatched	unknown	cross-target-inferred	incomplete	never-promoted	32	0	0	0	0	0	0	0	0	0	32	0	0	0	no
falu_compact4.opsel	untested	unverified	not-dispatched	unknown	cross-target-inferred	incomplete	never-promoted	8	0	0	0	0	0	0	0	0	0	8	0	0	0	no
falu_compact4.src	untested	unverified	not-dispatched	unknown	cross-target-inferred	incomplete	never-promoted	256	0	0	0	0	0	0	0	0	0	256	0	0	0	no
falu_srcmod12b.ext_srcmod	tokenization-only	ledger-verified	live in the tested envelope	unknown	G16G-direct	auditable	never-promoted	n/a (width=48 bits)	600	1531	4608	600	9	85	65	0	0	n/a	16	4608	1	yes
falu_srcmod12b.mod_hi	untested	geometry-mapped	inert in the tested envelope	unknown	G16G-direct	auditable	passed-own-gate	16	16	16	48	8	0	0	0	0	0	0	1	48	1	no
falu_srcmod12b.mod_lo	untested	geometry-mapped	inert in the tested envelope	unknown	G16G-direct	auditable	passed-own-gate	8	8	8	48	1	0	0	0	0	0	0	1	48	1	no
falu_srcmod12b.srcB_imm	untested	geometry-mapped	inert in the tested envelope	unknown	G16G-direct	auditable	passed-own-gate	2	2	2	6	2	0	0	0	0	0	0	1	6	1	no
falu_srcmod12b.srcB_neg	untested	geometry-mapped	inert in the tested envelope	unknown	G16G-direct	auditable	passed-own-gate	2	2	2	6	1	0	0	0	0	0	0	1	6	1	no
fldexp.b4	tokenization-only	unverified	not-dispatched	unknown	cross-target-inferred	incomplete	never-promoted	256	0	0	0	0	0	0	0	0	0	256	0	0	0	no
fldexp.b5	tokenization-only	unverified	not-dispatched	unknown	cross-target-inferred	incomplete	never-promoted	256	0	0	0	0	0	0	0	0	0	256	0	0	0	no
fldexp.dst	tokenization-only	unverified	not-dispatched	unknown	cross-target-inferred	incomplete	never-promoted	16	0	0	0	0	0	0	0	0	0	16	0	0	0	no
fldexp.operand	tokenization-only	unverified	not-dispatched	unknown	cross-target-inferred	incomplete	never-promoted	256	0	0	0	0	0	0	0	0	0	256	0	0	0	no
frag_color_pack.conv_scale	untested	unverified	live in the tested envelope	hypothesis	G16G-direct	incomplete	passed-own-gate	256	14	0	0	0	0	0	0	0	0	242	0	0	0	yes
frag_color_pack.fmt_class	untested	geometry-mapped	inert in the tested envelope	unknown	G17P-direct	auditable	passed-own-gate	256	256	256	512	255	0	0	0	0	0	0	1	512	1	no
frag_color_pack.src_gate_select	untested	unverified	live in the tested envelope	hypothesis	G16G-direct	incomplete	passed-own-gate	256	17	0	0	0	0	0	0	0	0	239	0	0	0	yes
frag_color_store.store_mode	single-template-inference	geometry-mapped	inert in the tested envelope	unknown	G17P-direct	independently-confirmed	passed-own-gate	256	256	256	5126	256	0	0	0	0	0	0	1	1030	11	no
frag_sample_submit.b1	corpus-correlation	unverified	not-dispatched	unknown	cross-target-inferred	incomplete	never-promoted	256	0	0	0	0	0	0	0	0	0	256	0	0	0	no
frag_sample_submit.b2	corpus-correlation	unverified	not-dispatched	unknown	cross-target-inferred	incomplete	never-promoted	256	0	0	0	0	0	0	0	0	0	256	0	0	0	no
frag_sample_submit.body	corpus-correlation	unverified	not-dispatched	unknown	cross-target-inferred	incomplete	never-promoted	n/a (width=24 bits)	0	0	0	0	0	0	0	0	0	n/a	0	0	0	no
frag_tile_setup.access	single-template-inference	geometry-mapped	inert in the tested envelope	unknown	G17P-direct	independently-confirmed	passed-own-gate	256	256	256	5120	256	0	0	0	0	0	0	1	1024	10	no
frag_tile_setup.b5	single-template-inference	geometry-mapped	inert in the tested envelope	unknown	G17P-direct	independently-confirmed	passed-own-gate	256	256	256	5120	256	0	0	0	0	0	0	1	1024	10	no
frag_tile_setup.sel	single-template-inference	geometry-mapped	inert in the tested envelope	unknown	G17P-direct	independently-confirmed	passed-own-gate	256	256	256	5120	256	0	0	0	0	0	0	1	1024	10	no
frame_marker.companion	corpus-correlation	unverified	not-dispatched	unknown	cross-target-inferred	incomplete	never-promoted	256	0	0	0	0	0	0	0	0	0	256	0	0	0	no
frame_marker.srcA_reg	corpus-correlation	unverified	not-dispatched	unknown	cross-target-inferred	incomplete	never-promoted	256	0	0	0	0	0	0	0	0	0	256	0	0	0	no
frame_marker.subform	corpus-correlation	unverified	not-dispatched	unknown	cross-target-inferred	incomplete	never-promoted	256	0	0	0	0	0	0	0	0	0	256	0	0	0	no
frame_prologue.frame_size	untested	unverified	accepted-inert among the legal values in the tested envelope	hypothesis	G16G-direct	incomplete	passed-own-gate	n/a (width=24 bits)	13	0	0	0	0	0	0	0	0	n/a	0	0	0	yes
frame_prologue.marker	untested	unverified	accepted-inert in the tested envelope	hypothesis	G16G-direct	incomplete	passed-own-gate	256	5	0	0	0	0	0	0	0	0	251	0	0	0	no
frame_prologue.subop	untested	unverified	accepted-inert among the legal values in the tested envelope	hypothesis	G16G-direct	incomplete	passed-own-gate	256	9	0	0	0	0	0	0	0	0	247	0	0	0	yes
fspecial_est.srcA	untested	geometry-mapped	live in the tested envelope	unknown	G16G-direct	independently-confirmed	passed-own-gate	256	256	1022	18269	256	833	0	0	0	0	0	94	16989	8	yes
funary.b1	tokenization-only	unverified	not-dispatched	unknown	cross-target-inferred	incomplete	never-promoted	256	0	0	0	0	0	0	0	0	0	256	0	0	0	no
funary.ext	tokenization-only	unverified	not-dispatched	unknown	cross-target-inferred	incomplete	never-promoted	n/a (width=32 bits)	0	0	0	0	0	0	0	0	0	n/a	0	0	0	no
funary.mod	corpus-correlation	unverified	live in the tested envelope	bounded-map -- bounded-map at 4 points	G17P-direct	auditable	never-promoted	256	4	0	0	0	0	0	0	0	0	252	3	0	0	no
funary.srcA	untested	unverified	not-dispatched	unknown	cross-target-inferred	incomplete	never-promoted	256	0	0	0	0	0	0	0	0	0	256	0	0	0	no
funary.srcmod	tokenization-only	unverified	not-dispatched	unknown	cross-target-inferred	incomplete	never-promoted	256	0	0	0	0	0	0	0	0	0	256	0	0	0	no
funary_imm.dst	untested	unverified	not-dispatched	unknown	cross-target-inferred	incomplete	never-promoted	16	0	0	0	0	0	0	0	0	0	16	0	0	0	no
funary_imm.lut_a	tokenization-only	unverified	not-dispatched	unknown	cross-target-inferred	incomplete	never-promoted	256	0	0	0	0	0	0	0	0	0	256	0	0	0	no
funary_imm.mod	tokenization-only	unverified	not-dispatched	unknown	cross-target-inferred	incomplete	never-promoted	256	0	0	0	0	0	0	0	0	0	256	0	0	0	no
funary_imm.modtail	tokenization-only	unverified	not-dispatched	unknown	cross-target-inferred	incomplete	never-promoted	n/a (width=32 bits)	0	0	0	0	0	0	0	0	0	n/a	0	0	0	no
funary_imm.src	corpus-correlation	unverified	not-dispatched	unknown	cross-target-inferred	incomplete	never-promoted	256	0	0	0	0	0	0	0	0	0	256	0	0	0	no
funary_imm.srcB	tokenization-only	unverified	not-dispatched	unknown	cross-target-inferred	incomplete	never-promoted	256	0	0	0	0	0	0	0	0	0	256	0	0	0	no
get_sr.dst_hi	untested	geometry-mapped	live in the tested envelope	unknown	G17P-direct	independently-confirmed	passed-own-gate	8	32	32	278	8	79	0	0	0	0	n/a	16	278	5	yes
get_sr.form	untested	geometry-mapped	live in the tested envelope	unknown	G16G-direct	independently-confirmed	passed-own-gate	2	128	128	396	2	0	6	0	0	0	n/a	50	364	17	no
h_alu_hi.ctrl	untested	unverified	not-dispatched	unknown	cross-target-inferred	incomplete	never-promoted	256	0	0	0	0	0	0	0	0	0	256	0	0	0	no
h_alu_hi.mods	untested	unverified	not-dispatched	unknown	cross-target-inferred	incomplete	never-promoted	256	0	0	0	0	0	0	0	0	0	256	0	0	0	no
h_alu_hi_ext.dst	untested	unverified	not-dispatched	unknown	cross-target-inferred	incomplete	never-promoted	16	0	0	0	0	0	0	0	0	0	16	0	0	0	no
h_alu_hi_ext.ext	untested	unverified	not-dispatched	unknown	cross-target-inferred	incomplete	never-promoted	256	0	0	0	0	0	0	0	0	0	256	0	0	0	no
h_alu_hi_ext.opflags	untested	unverified	not-dispatched	unknown	cross-target-inferred	incomplete	never-promoted	32	0	0	0	0	0	0	0	0	0	32	0	0	0	no
h_alu_hi_ext.opsel	corpus-correlation	unverified	not-dispatched	unknown	cross-target-inferred	incomplete	never-promoted	8	0	0	0	0	0	0	0	0	0	8	0	0	0	no
h_alu_hi_ext.srcA	untested	unverified	not-dispatched	unknown	cross-target-inferred	incomplete	never-promoted	256	0	0	0	0	0	0	0	0	0	256	0	0	0	no
h_alu_hi_ext.srcB	untested	unverified	not-dispatched	unknown	cross-target-inferred	incomplete	never-promoted	256	0	0	0	0	0	0	0	0	0	256	0	0	0	no
h_alu_hi_ext.srcC	untested	unverified	not-dispatched	unknown	cross-target-inferred	incomplete	never-promoted	256	0	0	0	0	0	0	0	0	0	256	0	0	0	no
h_alu_hi_ext.tail	untested	unverified	not-dispatched	unknown	cross-target-inferred	incomplete	never-promoted	65536	0	0	0	0	0	0	0	0	0	65536	0	0	0	no
h_coord_hi_ext.ext	untested	ledger-verified	live in the tested envelope	unknown	G17P-direct	auditable	passed-own-gate	256	255	255	510	3	0	278	150	0	0	1	6	0	1	yes
h_coord_hi_ext.srcB	untested	ledger-verified	live in the tested envelope	unknown	G17P-direct	auditable	passed-own-gate	256	255	255	510	0	2	16	16	0	0	1	130	0	1	yes
h_coord_hi_ext.tail	untested	ledger-verified	live in the tested envelope	unknown	G17P-direct	auditable	passed-own-gate	65536	255	255	1186	2	806	0	0	0	0	65281	7	0	1	yes
half_alu_fma12.dst	untested	geometry-mapped	live in the tested envelope	unknown	G16G-direct	independently-confirmed	passed-own-gate	16	256	256	3200	255	40	0	0	0	0	n/a	29	1664	6	yes
half_alu_fma12.ext	untested	ledger-verified	live in the tested envelope	unknown	G17P-direct	independently-confirmed	never-promoted	n/a (width=64 bits)	256	2041	41472	256	224	7	7	0	0	n/a	61	29184	5	yes
half_compact4.dst	corpus-correlation	unverified	not-dispatched	unknown	cross-target-inferred	incomplete	never-promoted	256	0	0	0	0	0	0	0	0	0	256	0	0	0	no
half_compact4.operand	corpus-correlation	unverified	not-dispatched	unknown	cross-target-inferred	incomplete	never-promoted	256	0	0	0	0	0	0	0	0	0	256	0	0	0	no
half_compact4.opmode	corpus-correlation	unverified	not-dispatched	unknown	cross-target-inferred	incomplete	never-promoted	32	0	0	0	0	0	0	0	0	0	32	0	0	0	no
half_compact4.opsel	corpus-correlation	unverified	not-dispatched	unknown	cross-target-inferred	incomplete	never-promoted	8	0	0	0	0	0	0	0	0	0	8	0	0	0	no
half_pack.b3	untested	geometry-mapped	live in the tested envelope	unknown	G17P-direct	independently-confirmed	passed-own-gate	256	256	256	4384	228	0	0	0	0	0	0	29	4384	3	no
half_pack.dstlo	untested	geometry-mapped	live in the tested envelope	unknown	G17P-direct	independently-confirmed	passed-own-gate	256	256	256	4384	228	0	0	0	0	0	0	29	4384	3	no
iadd2.addsub	untested	geometry-mapped	live in the tested envelope	unknown	G16G-direct	independently-confirmed	passed-own-gate	2	256	1022	7725	256	1239	1283	112	0	0	n/a	39	6997	5	yes
iadd2.b2_fmt	single-template-inference	geometry-mapped	live in the tested envelope	unknown	G16G-direct	independently-confirmed	passed-own-gate	64	256	1022	7208	256	658	770	113	0	0	n/a	39	6662	4	yes
iadd2.srcB_imm	untested	geometry-mapped	live in the tested envelope	unknown	G16G-direct	independently-confirmed	passed-own-gate	256	256	1022	7777	256	671	784	119	0	0	0	39	7262	3	yes
iadd2.srcB_reg_hi	untested	geometry-mapped	live in the tested envelope	unknown	G16G-direct	independently-confirmed	passed-own-gate	128	255	128	1978	128	0	666	3	0	0	n/a	3	948	4	yes
ibfe.b2_bit0	single-template-inference	geometry-mapped	live in the tested envelope	unknown	G16G-direct	independently-confirmed	passed-own-gate	2	256	2554	7704	256	1688	384	64	1	0	n/a	209	7698	4	yes
ibfe.sign_ext	single-template-inference	geometry-mapped	live in the tested envelope	unknown	G16G-direct	independently-confirmed	passed-own-gate	2	256	2554	7730	256	1697	384	64	1	0	n/a	209	7710	5	yes
ibfe_mesh_attr.opdesc	tokenization-only	unverified	not-dispatched	unknown	cross-target-inferred	incomplete	never-promoted	256	0	0	0	0	0	0	0	0	0	256	0	0	0	no
ibfe_mesh_attr.operands	tokenization-only	unverified	not-dispatched	unknown	cross-target-inferred	incomplete	never-promoted	n/a (width=40 bits)	0	0	0	0	0	0	0	0	0	n/a	0	0	0	no
ibfe_mesh_attr.tail	tokenization-only	unverified	not-dispatched	unknown	cross-target-inferred	incomplete	never-promoted	n/a (width=24 bits)	0	0	0	0	0	0	0	0	0	n/a	0	0	0	no
ibfins.b10	untested	geometry-mapped	live in the tested envelope	unknown	G16G-direct	independently-confirmed	never-promoted	256	256	256	1024	70	64	0	0	0	0	0	88	1024	2	yes
ibfins.b6hi	untested	geometry-mapped	live in the tested envelope	unknown	G16G-direct	independently-confirmed	never-promoted	128	128	128	640	48	0	0	0	0	0	0	5	640	2	no
ibfins.b7	untested	geometry-mapped	live in the tested envelope	unknown	G16G-direct	independently-confirmed	never-promoted	256	256	256	1344	2	0	260	64	0	0	0	33	1280	2	yes
ibfins.cache	untested	geometry-mapped	inert in the tested envelope	unknown	G16G-direct	independently-confirmed	passed-own-gate	2	2	2	10	2	0	0	0	0	0	0	1	10	2	no
ibfins.mask_hi	untested	geometry-mapped	live in the tested envelope	unknown	G16G-direct	independently-confirmed	passed-own-gate	2	128	128	650	2	2	0	0	0	0	n/a	5	650	2	yes
ibfins.mask_imm	untested	geometry-mapped	live in the tested envelope	unknown	G16G-direct	independently-confirmed	passed-own-gate	256	256	256	1280	256	496	0	0	0	0	0	3	1280	2	yes
ibfins.srcdesc	corpus-correlation	geometry-mapped	live in the tested envelope	unknown	G16G-direct	independently-confirmed	never-promoted	256	256	256	1035	32	0	0	0	0	0	0	32	1035	2	no
ibitcount.cache	untested	geometry-mapped	live in the tested envelope	unknown	G16G-direct	independently-confirmed	passed-own-gate	2	2	2	59	2	2	0	0	0	0	0	2	59	12	yes
ibitcount.dst	untested	geometry-mapped	live in the tested envelope	unknown	G16G-direct	independently-confirmed	passed-own-gate	256	256	2044	11657	156	2343	1352	64	0	0	0	32	11592	8	yes
icmp_pred.cond	untested	geometry-mapped	live in the tested envelope	unknown	G16G-direct	auditable	passed-own-gate	256	256	256	538	20	1	5	5	0	0	0	10	512	1	yes
icmp_pred.neg	untested	geometry-mapped	inert in the tested envelope	unknown	G16G-direct	auditable	passed-own-gate	2	2	2	4	2	0	0	0	0	0	0	1	4	1	no
icmp_pred.opclass	corpus-correlation	geometry-mapped	live in the tested envelope	unknown	G16G-direct	auditable	never-promoted	256	256	256	512	138	0	0	0	0	0	0	2	512	1	no
icmp_pred.srcA	untested	geometry-mapped	live in the tested envelope	unknown	G16G-direct	auditable	never-promoted	128	128	128	256	1	0	0	0	0	0	0	5	256	1	no
icmp_pred.srcB	untested	geometry-mapped	live in the tested envelope	unknown	G16G-direct	auditable	never-promoted	256	256	256	536	2	5	5	5	0	0	0	10	512	1	yes
icmpsel.cache	tokenization-only	geometry-mapped	live in the tested envelope	unknown	G16G-direct	auditable	never-promoted	256	256	256	514	0	479	0	0	0	0	0	3	512	1	yes
icmpsel.cmpmode	corpus-correlation	geometry-mapped	live in the tested envelope	unknown	G16G-direct	auditable	never-promoted	256	256	256	512	0	416	0	0	0	0	0	7	512	1	yes
icmpsel.cond	corpus-correlation	geometry-mapped	live in the tested envelope	unknown	G16G-direct	auditable	never-promoted	256	256	256	512	0	256	0	0	0	0	0	9	512	1	yes
icmpsel.dst_full	untested	geometry-mapped	live in the tested envelope	unknown	G16G-direct	auditable	never-promoted	256	256	256	544	0	534	0	0	0	0	0	2	544	1	yes
icmpsel.neg_lo	corpus-correlation	geometry-mapped	live in the tested envelope	unknown	G16G-direct	auditable	never-promoted	256	256	256	512	0	240	0	0	0	0	0	132	512	1	yes
icmpsel.sel_marker	tokenization-only	geometry-mapped	live in the tested envelope	unknown	G16G-direct	auditable	never-promoted	256	256	256	512	0	0	0	0	0	0	0	132	512	1	no
icmpsel.sel_operand	tokenization-only	geometry-mapped	live in the tested envelope	unknown	G16G-direct	auditable	never-promoted	256	256	256	547	0	290	31	21	0	0	0	5	512	1	yes
icmpsel.srcA	corpus-correlation	geometry-mapped	live in the tested envelope	unknown	G16G-direct	auditable	never-promoted	256	256	256	512	0	12	0	0	0	0	0	4	512	1	yes
icmpsel.tail	tokenization-only	ledger-verified	live in the tested envelope	unknown	G16G-direct	auditable	never-promoted	n/a (width=24 bits)	79	79	176	0	99	23	14	0	0	n/a	3	158	1	yes
if_push.scope	single-template-inference	geometry-mapped	live in the tested envelope	unknown	G16G-direct	independently-confirmed	passed-own-gate	256	256	256	13136	256	0	587	128	0	0	0	35	13136	7	yes
if_push_pred.level	tokenization-only	geometry-mapped	live in the tested envelope	unknown	G16G-direct	independently-confirmed	never-promoted	256	256	256	1280	16	0	57	37	6	0	0	2	1280	2	yes
if_push_pred.pred	untested	unverified	not-dispatched	unknown	cross-target-inferred	incomplete	passed-own-gate	16	0	0	0	0	0	0	0	0	0	16	0	0	0	no
if_push_pred.scope	untested	geometry-mapped	inert in the tested envelope	unknown	G16G-direct	auditable	passed-own-gate	256	256	256	768	256	0	0	0	0	0	0	1	768	1	no
ilogic.dst	untested	geometry-mapped	live in the tested envelope	unknown	G16G-direct	independently-confirmed	passed-own-gate	16	256	4858	19818	256	5501	428	120	0	0	n/a	84	19818	3	yes
ilogic.lut_a_free	untested	geometry-mapped	live in the tested envelope	unknown	G16G-direct	independently-confirmed	passed-own-gate	8	256	4858	20278	256	5534	252	120	0	0	n/a	84	20278	3	yes
ilogic.lut_a_sel	untested	geometry-mapped	live in the tested envelope	unknown	G16G-direct	independently-confirmed	passed-own-gate	4	256	4858	20278	256	5534	252	120	0	0	n/a	84	20278	3	yes
ilogic.z6	single-template-inference	geometry-mapped	live in the tested envelope	unknown	G16G-direct	independently-confirmed	passed-own-gate	256	256	4858	20278	256	4910	249	120	0	0	0	84	20278	3	yes
ilogic.z8	single-template-inference	geometry-mapped	live in the tested envelope	unknown	G16G-direct	independently-confirmed	passed-own-gate	256	256	4858	20278	256	4910	249	120	0	0	0	84	20278	3	yes
ilogic.z9	single-template-inference	geometry-mapped	live in the tested envelope	unknown	G16G-direct	independently-confirmed	passed-own-gate	256	256	4858	20278	256	4910	249	120	0	0	0	84	20278	3	yes
imad.b11	untested	geometry-mapped	inert in the tested envelope	unknown	G16G-direct	independently-confirmed	passed-own-gate	256	256	256	570	256	0	0	0	0	0	0	1	570	2	no
imad.b1hi	untested	geometry-mapped	inert in the tested envelope	unknown	G16G-direct	independently-confirmed	passed-own-gate	128	128	128	308	128	0	0	0	0	0	0	1	308	2	no
imad.b2_bit0	untested	geometry-mapped	inert in the tested envelope	unknown	G16G-direct	independently-confirmed	passed-own-gate	2	2	2	8	2	0	0	0	0	0	0	1	8	2	no
imad.b2_fmt	untested	geometry-mapped	inert in the tested envelope	unknown	G16G-direct	independently-confirmed	passed-own-gate	64	64	64	182	64	0	0	0	0	0	0	1	182	2	no
imad.srcC_desc	corpus-correlation	geometry-mapped	live in the tested envelope	unknown	G16G-direct	independently-confirmed	never-promoted	256	256	256	6976	6	1160	3627	72	0	0	0	64	6911	2	yes
imad.store_en	untested	geometry-mapped	live in the tested envelope	unknown	G16G-direct	independently-confirmed	passed-own-gate	2	2	2	16	2	0	0	0	0	0	0	2	16	2	no
imageblock_load.b4	tokenization-only	unverified	not-dispatched	unknown	cross-target-inferred	incomplete	never-promoted	256	0	0	0	0	0	0	0	0	0	256	0	0	0	no
imageblock_load.b6	tokenization-only	unverified	not-dispatched	unknown	cross-target-inferred	incomplete	never-promoted	256	0	0	0	0	0	0	0	0	0	256	0	0	0	no
imageblock_load.dst	untested	unverified	not-dispatched	unknown	cross-target-inferred	incomplete	never-promoted	256	0	0	0	0	0	0	0	0	0	256	0	0	0	no
imageblock_load.fmt	corpus-correlation	unverified	not-dispatched	unknown	cross-target-inferred	incomplete	never-promoted	256	0	0	0	0	0	0	0	0	0	256	0	0	0	no
imageblock_load.slice_off	untested	unverified	not-dispatched	unknown	cross-target-inferred	incomplete	passed-own-gate	256	0	0	0	0	0	0	0	0	0	256	0	0	0	no
imageblock_load.tail	tokenization-only	unverified	not-dispatched	unknown	cross-target-inferred	incomplete	never-promoted	n/a (width=32 bits)	0	0	0	0	0	0	0	0	0	n/a	0	0	0	no
imageblock_store.b4	single-template-inference	geometry-mapped	inert in the tested envelope	unknown	G17P-direct	independently-confirmed	passed-own-gate	256	256	256	3072	256	0	0	0	0	0	0	1	1536	5	no
imageblock_store.slice_off	untested	unverified	not-dispatched	unknown	cross-target-inferred	incomplete	passed-own-gate	256	0	0	0	0	0	0	0	0	0	256	0	0	0	no
imageblock_store.src	untested	geometry-mapped	live in the tested envelope	unknown	G17P-direct	independently-confirmed	passed-own-gate	256	257	256	2510	3	1378	27	3	1	0	n/a	25	1495	4	yes
int_alu_ehi.b5	tokenization-only	unverified	not-dispatched	unknown	cross-target-inferred	incomplete	never-promoted	256	0	0	0	0	0	0	0	0	0	256	0	0	0	no
int_alu_ehi.dst	corpus-correlation	unverified	not-dispatched	unknown	cross-target-inferred	incomplete	never-promoted	256	0	0	0	0	0	0	0	0	0	256	0	0	0	no
int_alu_ehi.flags	tokenization-only	unverified	not-dispatched	unknown	cross-target-inferred	incomplete	never-promoted	256	0	0	0	0	0	0	0	0	0	256	0	0	0	no
int_alu_ehi.opmode	tokenization-only	unverified	not-dispatched	unknown	cross-target-inferred	incomplete	never-promoted	256	0	0	0	0	0	0	0	0	0	256	0	0	0	no
int_alu_ehi.srcB	tokenization-only	unverified	not-dispatched	unknown	cross-target-inferred	incomplete	never-promoted	256	0	0	0	0	0	0	0	0	0	256	0	0	0	no
int_alu_ehi.srcC	tokenization-only	unverified	not-dispatched	unknown	cross-target-inferred	incomplete	never-promoted	256	0	0	0	0	0	0	0	0	0	256	0	0	0	no
int_alu_ehi.srcdesc	tokenization-only	unverified	not-dispatched	unknown	cross-target-inferred	incomplete	never-promoted	256	0	0	0	0	0	0	0	0	0	256	0	0	0	no
irotate.operands	untested	ledger-verified	live in the tested envelope	unknown	G16G-direct	independently-confirmed	passed-own-gate	n/a (width=40 bits)	320	1276	12997	168	4685	792	79	0	0	n/a	180	12997	7	yes
isel10_c.cc	corpus-correlation	geometry-mapped	live in the tested envelope	unknown	G16G-direct	auditable	never-promoted	256	256	256	555	24	13	5	5	0	0	0	3	512	1	yes
isel10_c.cmpA	untested	geometry-mapped	live in the tested envelope	unknown	G16G-direct	auditable	never-promoted	256	256	256	532	115	0	13	13	0	0	0	2	512	1	no
isel10_c.cmpB	untested	geometry-mapped	live in the tested envelope	unknown	G16G-direct	auditable	never-promoted	256	256	256	537	20	1	10	10	0	0	0	3	512	1	yes
isel10_c.cmp_mode	untested	geometry-mapped	live in the tested envelope	unknown	G16G-direct	auditable	never-promoted	256	256	256	555	20	124	19	18	0	0	0	7	512	1	yes
isel10_c.flags	untested	geometry-mapped	live in the tested envelope	unknown	G16G-direct	auditable	passed-own-gate	256	256	256	556	96	3	14	14	0	0	0	3	512	1	yes
isel10_c.selFalse	untested	geometry-mapped	live in the tested envelope	unknown	G16G-direct	auditable	passed-own-gate	256	256	256	1070	256	1	16	12	0	0	0	2	1024	1	yes
isel10_c.selFalse_file	untested	geometry-mapped	live in the tested envelope	unknown	G16G-direct	auditable	passed-own-gate	256	256	256	1070	224	1	16	4	0	0	0	2	1024	1	yes
isel10_c.selTrue	untested	geometry-mapped	live in the tested envelope	unknown	G16G-direct	auditable	never-promoted	256	256	256	530	138	3	5	5	0	0	0	3	512	1	yes
isel8.cmpA	untested	geometry-mapped	live in the tested envelope	unknown	G16G-direct	independently-confirmed	passed-own-gate	256	256	256	1280	256	8	0	0	0	0	0	4	1280	2	yes
isel8.cmpB	untested	geometry-mapped	live in the tested envelope	unknown	G16G-direct	independently-confirmed	passed-own-gate	256	256	256	1280	256	0	0	0	0	0	0	3	1280	2	no
isel_reg.cc	corpus-correlation	geometry-mapped	live in the tested envelope	unknown	G16G-direct	independently-confirmed	never-promoted	256	256	256	1280	32	288	0	0	0	0	0	10	1280	2	yes
isel_reg.cmpB	untested	geometry-mapped	live in the tested envelope	unknown	G16G-direct	independently-confirmed	never-promoted	256	256	256	1280	3	0	0	0	0	0	0	8	1280	2	no
isel_reg.cmp_mode	untested	geometry-mapped	live in the tested envelope	unknown	G16G-direct	independently-confirmed	never-promoted	256	256	256	1329	8	369	20	20	0	0	0	6	1280	2	yes
isel_reg8.cc	corpus-correlation	geometry-mapped	live in the tested envelope	unknown	G16G-direct	auditable	never-promoted	256	256	256	620	0	10	38	38	0	0	0	10	512	1	yes
isel_reg8.cmpA	untested	geometry-mapped	live in the tested envelope	unknown	G16G-direct	auditable	never-promoted	256	256	256	527	0	0	5	5	0	0	0	3	512	1	no
isel_reg8.cmpB	untested	geometry-mapped	live in the tested envelope	unknown	G16G-direct	auditable	never-promoted	256	256	256	552	0	2	20	20	0	0	0	4	512	1	yes
isel_reg8.cmp_mode	untested	geometry-mapped	live in the tested envelope	unknown	G16G-direct	auditable	never-promoted	256	256	256	512	0	256	0	0	0	0	0	17	512	1	yes
isel_reg8.flags	untested	geometry-mapped	live in the tested envelope	unknown	G16G-direct	auditable	never-promoted	256	256	256	580	0	6	26	26	0	0	0	7	512	1	yes
isel_reg8.selTrue	untested	geometry-mapped	live in the tested envelope	unknown	G16G-direct	auditable	never-promoted	256	256	256	524	0	4	5	5	0	0	0	6	512	1	yes
ishift.pad9	untested	geometry-mapped	inert in the tested envelope	unknown	G16G-direct	independently-confirmed	passed-own-gate	256	256	256	570	256	0	0	0	0	0	0	1	570	2	no
ishift.src_cache	untested	geometry-mapped	live in the tested envelope	unknown	G16G-direct	independently-confirmed	passed-own-gate	256	256	256	577	147	255	5	5	0	0	0	2	570	2	yes
iter.b9	single-template-inference	geometry-mapped	inert in the tested envelope	unknown	G17P-direct	independently-confirmed	passed-own-gate	256	256	256	5908	256	0	0	0	0	0	0	1	2324	12	no
iunary.b1	untested	geometry-mapped	live in the tested envelope	unknown	G17P-direct	auditable	passed-own-gate	256	256	256	1040	1	0	392	192	0	0	0	27	1040	2	yes
iunary.opsel	untested	geometry-mapped	live in the tested envelope	unknown	G17P-direct	auditable	passed-own-gate	256	256	256	1040	1	0	0	0	0	0	0	22	1040	2	no
jump.branch_ctrl	untested	geometry-mapped	accepted-inert among the legal values in the tested envelope	unknown	G16G-direct	independently-confirmed	passed-own-gate	256	256	256	1536	256	0	2	0	2	0	0	1	1536	2	yes
jump.link	untested	geometry-mapped	inert in the tested envelope	unknown	G16G-direct	auditable	passed-own-gate	256	256	256	768	256	0	0	0	0	0	0	1	768	1	no
jump.offset	untested	unverified	not-dispatched	unknown	cross-target-inferred	incomplete	passed-own-gate	n/a (width=48 bits)	0	0	0	0	0	0	0	0	0	n/a	0	0	0	no
jump_cond.cf_scope	untested	geometry-mapped	inert in the tested envelope	unknown	G16G-direct	independently-confirmed	passed-own-gate	256	256	256	2304	256	0	0	0	0	0	0	1	2304	2	no
jump_cond.offset	untested	ledger-verified	accepted-inert among the legal values in the tested envelope	unknown	G16G-direct	independently-confirmed	passed-own-gate	n/a (width=48 bits)	101	56	218	36	0	53	27	0	0	n/a	1	218	3	yes
jump_cond.reserved	untested	geometry-mapped	inert in the tested envelope	unknown	G16G-direct	independently-confirmed	passed-own-gate	256	256	256	2304	256	0	0	0	0	0	0	1	2304	2	no
link_save_restore.b3	untested	unverified	accepted-inert in the tested envelope	hypothesis	G16G-direct	incomplete	passed-own-gate	256	4	0	0	0	0	0	0	0	0	252	0	0	0	no
link_save_restore.dir_offset	untested	unverified	live in the tested envelope	hypothesis	G16G-direct	incomplete	passed-own-gate	65536	4	0	0	0	0	0	0	0	0	65532	0	0	0	no
link_save_restore.reserved7	untested	unverified	accepted-inert in the tested envelope	hypothesis	G16G-direct	incomplete	passed-own-gate	256	5	0	0	0	0	0	0	0	0	251	0	0	0	no
mask_op.mask_bank	corpus-correlation	geometry-mapped	inert in the tested envelope	unknown	G17P-direct	auditable	never-promoted	256	256	256	512	0	0	29	29	0	0	0	0	512	1	no
mask_op.scope_kind	single-template-inference	geometry-mapped	inert in the tested envelope	unknown	G17P-direct	auditable	never-promoted	256	256	256	512	0	0	69	69	0	0	0	0	512	1	no
matrix_mac.a_desc	untested	unverified	not-dispatched	unknown	cross-target-inferred	incomplete	passed-own-gate	256	0	0	0	0	0	0	0	0	0	256	0	0	0	no
matrix_mac.a_reg	untested	unverified	live in the tested envelope	bounded-map -- bounded-map at 1 substituted value in TWO independent experiments	G17P-direct	independently-confirmed	passed-own-gate	256	2	0	0	0	0	0	0	0	0	254	2	0	0	no
matrix_mac.acc_en	untested	ledger-verified via a composite/byte-position/legacy-named record	live in the tested envelope	bounded-map -- bounded-map at both encodable values, in TWO independent experiments	G16G-direct	independently-confirmed	passed-own-gate	2	128	128	256	0	0	0	0	0	0	n/a	4	256	0	no
matrix_mac.b11_rsv	untested	ledger-verified via a composite/byte-position/legacy-named record	live in the tested envelope	unknown	G16G-direct	auditable	passed-own-gate	32	128	128	256	0	0	0	0	0	0	n/a	4	256	0	no
matrix_mac.b_reg	untested	unverified	live in the tested envelope	bounded-map -- bounded-map	G17P-direct	independently-confirmed	passed-own-gate	256	2	0	0	0	0	0	0	0	0	254	3	0	0	no
matrix_mac.c_src	untested	unverified	live in the tested envelope	hypothesis -- hypothesis only -- the two experiments' substitutions were pre-registered as PROBES with no predicted value, and they disagree	G17P-direct	independently-confirmed	passed-own-gate	256	3	0	0	0	0	0	0	0	0	253	3	0	0	no
matrix_mac.dst	untested	ledger-verified via a composite/byte-position/legacy-named record	live in the tested envelope	hypothesis -- hypothesis	G16G-direct	independently-confirmed	passed-own-gate	256	256	256	512	0	256	0	0	0	0	0	3	512	0	yes
matrix_mac.dst_desc_lo	untested	ledger-verified via a composite/byte-position/legacy-named record	live in the tested envelope	unknown	G16G-direct	auditable	passed-own-gate	64	256	256	512	0	256	0	0	0	0	n/a	3	512	0	yes
matrix_mac.dtype	untested	unverified	not-dispatched	unknown	cross-target-inferred	incomplete	passed-own-gate	256	0	0	0	0	0	0	0	0	0	256	0	0	0	no
matrix_mac.mode	untested	unverified	not-dispatched	unknown	cross-target-inferred	incomplete	passed-own-gate	256	0	0	0	0	0	0	0	0	0	256	0	0	0	no
matrix_mac.op_enable	untested	unverified	not-dispatched	unknown	cross-target-inferred	incomplete	passed-own-gate	256	0	0	0	0	0	0	0	0	0	256	0	0	0	no
matrix_mac.pad4	untested	unverified	not-dispatched	unknown	cross-target-inferred	incomplete	passed-own-gate	256	0	0	0	0	0	0	0	0	0	256	0	0	0	no
mem_fence.b5	corpus-correlation	geometry-mapped	inert in the tested envelope	unknown	G16G-direct	auditable	never-promoted	256	256	256	514	256	0	0	0	0	0	0	1	514	1	no
mem_fence.memclass	corpus-correlation	geometry-mapped	inert in the tested envelope	unknown	G16G-direct	auditable	never-promoted	256	256	256	514	256	0	0	0	0	0	0	1	514	1	no
mem_fence.sub	corpus-correlation	geometry-mapped	live in the tested envelope	unknown	G16G-direct	auditable	never-promoted	256	256	256	514	192	0	0	0	0	0	0	2	514	1	no
mem_fence8.mask	corpus-correlation	unverified	not-dispatched	unknown	cross-target-inferred	incomplete	never-promoted	256	0	0	0	0	0	0	0	0	0	256	0	0	0	no
mem_fence8.tail	tokenization-only	unverified	not-dispatched	unknown	cross-target-inferred	incomplete	never-promoted	n/a (width=24 bits)	0	0	0	0	0	0	0	0	0	n/a	0	0	0	no
mesh_out_src.sel	tokenization-only	geometry-mapped	live in the tested envelope	unknown	G17P-direct	independently-confirmed	never-promoted	256	256	256	270	256	3	0	0	0	0	0	2	270	2	yes
n2_op10.immword	tokenization-only	ledger-verified via a composite/byte-position/legacy-named record	live in the tested envelope	unknown	G16G-direct	auditable	never-promoted	n/a (width=48 bits)	256	256	4894	0	32	429	0	0	0	n/a	74	4894	0	yes
n2_op10.opdesc	tokenization-only	geometry-mapped	live in the tested envelope	unknown	G16G-direct	auditable	never-promoted	256	256	256	780	189	1	11	11	0	0	0	8	780	1	yes
n2_op10.opsel	tokenization-only	geometry-mapped	live in the tested envelope	unknown	G16G-direct	auditable	never-promoted	256	256	256	974	4	64	352	206	0	0	0	56	974	1	yes
n2_op10.src	tokenization-only	geometry-mapped	live in the tested envelope	unknown	G16G-direct	auditable	never-promoted	256	256	256	774	254	1	5	5	0	0	0	3	774	1	yes
n2_op8.body	tokenization-only	ledger-verified via a composite/byte-position/legacy-named record	live in the tested envelope	unknown	G16G-direct	auditable	never-promoted	n/a (width=40 bits)	256	256	3891	0	816	99	0	0	0	n/a	14	3891	0	yes
n2_op8.dst	tokenization-only	geometry-mapped	live in the tested envelope	unknown	G16G-direct	auditable	never-promoted	16	16	16	55	2	0	7	7	0	0	0	3	55	1	no
n3_addr_prep.dst	corpus-correlation	unverified	not-dispatched	unknown	G16G-direct	incomplete	never-promoted	16	2	0	0	0	0	0	0	0	0	14	0	0	0	no
n3_addr_prep.op_variant	corpus-correlation	unverified	not-dispatched	unknown	G16G-direct	incomplete	never-promoted	256	3	0	0	0	0	0	0	0	0	253	0	0	0	no
n3_addr_prep.src_companion	corpus-correlation	unverified	not-dispatched	unknown	G16G-direct	incomplete	never-promoted	256	8	0	0	0	0	0	0	0	0	248	0	0	0	no
n3_addr_prep.src_reg	corpus-correlation	unverified	not-dispatched	unknown	G16G-direct	incomplete	never-promoted	256	6	0	0	0	0	0	0	0	0	250	0	0	0	no
n3_addr_prep.tail	single-template-inference	unverified	not-dispatched	unknown	G16G-direct	incomplete	never-promoted	n/a (width=40 bits)	2	0	0	0	0	0	0	0	0	n/a	0	0	0	no
n3_sample_read.b1	untested	geometry-mapped	carrier-undecidable	unknown	G16G-direct	auditable	passed-own-gate	256	256	256	512	256	0	0	0	0	0	0	1	512	1	no
n3_sample_read.b3	untested	geometry-mapped	carrier-undecidable	unknown	G16G-direct	auditable	passed-own-gate	256	256	256	512	256	0	0	0	0	0	0	1	512	1	no
n3_sample_read.tail	untested	ledger-verified WITH COLLAPSE	accepted-inert among the legal values in the tested envelope	unknown	G16G-direct	auditable	passed-own-gate	n/a (width=48 bits)	600	1589	3206	600	0	116	0	0	14	n/a	1	3206	1	no
n4_cf_word.b3	tokenization-only	geometry-mapped	carrier-undecidable	unknown	G17P-direct	auditable	never-promoted	256	256	256	1536	256	0	0	0	0	0	0	1	0	3	no
n4_rt_word.dst	tokenization-only	geometry-mapped	live in the tested envelope	unknown	G17P-direct	independently-confirmed	never-promoted	256	256	256	5001	256	256	673	64	1	0	0	76	5001	8	yes
op04_len8.body	tokenization-only	ledger-verified	live in the tested envelope	unknown	G17P-direct	auditable	never-promoted	n/a (width=48 bits)	256	768	7893	26	109	362	3	0	0	n/a	18	4608	3	yes
op04_len8.dst	tokenization-only	ledger-verified	live in the tested envelope	unknown	G17P-direct	auditable	never-promoted	16	256	768	843	15	0	35	0	0	0	n/a	10	768	3	no
op04_len8.mode	tokenization-only	ledger-verified	live in the tested envelope	unknown	G17P-direct	auditable	never-promoted	256	256	768	2299	255	0	0	0	0	0	0	3	1024	3	no
operand_word.b0	tokenization-only	unverified	not-dispatched	unknown	cross-target-inferred	incomplete	never-promoted	256	0	0	0	0	0	0	0	0	0	256	0	0	0	no
operand_word.b1	tokenization-only	unverified	not-dispatched	unknown	cross-target-inferred	incomplete	never-promoted	256	0	0	0	0	0	0	0	0	0	256	0	0	0	no
operand_word_x2_h5.b0	tokenization-only	unverified	not-dispatched	unknown	cross-target-inferred	incomplete	never-promoted	256	0	0	0	0	0	0	0	0	0	256	0	0	0	no
operand_word_x2_h5.b1	tokenization-only	unverified	not-dispatched	unknown	cross-target-inferred	incomplete	never-promoted	256	0	0	0	0	0	0	0	0	0	256	0	0	0	no
operand_word_x2_h6.b0	tokenization-only	unverified	not-dispatched	unknown	cross-target-inferred	incomplete	never-promoted	256	0	0	0	0	0	0	0	0	0	256	0	0	0	no
operand_word_x2_h6.b1	tokenization-only	unverified	not-dispatched	unknown	cross-target-inferred	incomplete	never-promoted	256	0	0	0	0	0	0	0	0	0	256	0	0	0	no
operand_word_x2_h7.b0	tokenization-only	unverified	not-dispatched	unknown	cross-target-inferred	incomplete	never-promoted	256	0	0	0	0	0	0	0	0	0	256	0	0	0	no
operand_word_x2_h7.b1	tokenization-only	unverified	not-dispatched	unknown	cross-target-inferred	incomplete	never-promoted	256	0	0	0	0	0	0	0	0	0	256	0	0	0	no
packed_half2_hi.mods	untested	ledger-verified	live in the tested envelope	unknown	G16G-direct	independently-confirmed	never-promoted	65536	256	511	1536	0	48	1088	0	256	0	65280	8	1536	1	yes
packed_half2_hi.srcA	untested	geometry-mapped	inert in the tested envelope	unknown	G16G-direct	independently-confirmed	passed-own-gate	256	256	256	768	0	0	512	0	256	0	0	1	768	1	yes
packed_half2_hi.srcB	untested	geometry-mapped	inert in the tested envelope	unknown	G16G-direct	independently-confirmed	passed-own-gate	256	256	256	768	0	0	512	0	256	0	0	1	768	1	yes
pad_operand.hi	tokenization-only	unverified	not-dispatched	unknown	cross-target-inferred	incomplete	never-promoted	16	0	0	0	0	0	0	0	0	0	16	0	0	0	no
pad_operand.word	tokenization-only	unverified	not-dispatched	unknown	cross-target-inferred	incomplete	never-promoted	256	0	0	0	0	0	0	0	0	0	256	0	0	0	no
pop_reconverge.reserved	untested	ledger-verified	live in the tested envelope	unknown	G16G-direct	independently-confirmed	passed-own-gate	65536	70	52	942	70	0	0	0	0	0	65466	2	942	9	no
pop_reconverge.scope	untested	geometry-mapped	live in the tested envelope	unknown	G16G-direct	independently-confirmed	passed-own-gate	256	256	256	6379	256	0	32	0	0	0	0	2	6379	5	no
ray_move.b3	untested	ledger-verified	inert in the tested envelope	unknown	G17P-direct	auditable	passed-own-gate	256	255	255	510	255	0	0	0	0	0	1	1	0	1	no
ray_move.dst	untested	ledger-verified	inert in the tested envelope	unknown	G17P-direct	auditable	never-promoted	16	15	15	30	15	0	0	0	0	0	1	1	0	1	no
ray_move.src	untested	ledger-verified	inert in the tested envelope	unknown	G17P-direct	auditable	never-promoted	256	255	255	510	255	0	0	0	0	0	1	1	0	1	no
ray_move_copy6.dst	untested	ledger-verified	inert in the tested envelope	unknown	G17P-direct	auditable	never-promoted	16	15	15	49	15	0	0	0	0	0	1	1	0	1	no
ray_move_copy6.optype	untested	ledger-verified	accepted-inert among the legal values in the tested envelope	unknown	G17P-direct	auditable	passed-own-gate	256	255	255	510	191	0	128	64	0	0	1	1	0	1	yes
ray_move_copy6.src	untested	ledger-verified	inert in the tested envelope	unknown	G17P-direct	auditable	never-promoted	256	255	255	535	255	0	0	0	0	0	1	1	0	1	no
ray_move_zero6.b3	untested	ledger-verified	inert in the tested envelope	unknown	G17P-direct	auditable	never-promoted	256	255	255	510	255	0	0	0	0	0	1	1	0	1	no
ray_move_zero6.dst	untested	ledger-verified	inert in the tested envelope	unknown	G17P-direct	auditable	never-promoted	16	15	15	49	15	0	0	0	0	0	1	1	0	1	no
ray_move_zero6.src	untested	ledger-verified	inert in the tested envelope	unknown	G17P-direct	auditable	never-promoted	256	255	255	535	255	0	0	0	0	0	1	1	0	1	no
ray_move_zinit.b3	untested	unverified	not-dispatched	unknown	cross-target-inferred	incomplete	never-promoted	256	0	0	0	0	0	0	0	0	0	256	0	0	0	no
ray_move_zinit.dst	untested	unverified	not-dispatched	unknown	cross-target-inferred	incomplete	never-promoted	16	0	0	0	0	0	0	0	0	0	16	0	0	0	no
ray_move_zinit.src	untested	unverified	not-dispatched	unknown	cross-target-inferred	incomplete	never-promoted	256	0	0	0	0	0	0	0	0	0	256	0	0	0	no
reg_move_c0.dst	untested	geometry-mapped	live in the tested envelope	unknown	G17P-direct	auditable	passed-own-gate	16	16	16	64	1	0	0	0	0	0	0	16	64	2	no
reg_move_c0.op_desc	untested	geometry-mapped	live in the tested envelope	unknown	G17P-direct	auditable	passed-own-gate	256	256	256	1024	64	0	0	0	0	0	0	2	1024	2	no
reg_move_c0.src_class	untested	geometry-mapped	live in the tested envelope	unknown	G17P-direct	auditable	passed-own-gate	16	16	16	64	4	0	0	0	0	0	0	2	64	2	no
reg_move_c0.src_flag	untested	geometry-mapped	inert in the tested envelope	unknown	G17P-direct	auditable	passed-own-gate	2	2	2	8	2	0	0	0	0	0	0	1	8	2	no
reg_move_c0.src_reg	untested	geometry-mapped	inert in the tested envelope	unknown	G17P-direct	auditable	passed-own-gate	128	128	128	512	128	0	0	0	0	0	0	1	512	2	no
reg_move_c1.dst	untested	geometry-mapped	inert in the tested envelope	unknown	G17P-direct	auditable	passed-own-gate	16	16	16	64	16	0	0	0	0	0	0	1	64	2	no
reg_move_c1.op_desc	untested	geometry-mapped	live in the tested envelope	unknown	G17P-direct	auditable	passed-own-gate	256	256	256	1024	192	128	0	0	0	0	0	4	1024	2	yes
reg_move_c1.src_class	untested	geometry-mapped	inert in the tested envelope	unknown	G17P-direct	auditable	passed-own-gate	16	16	16	64	16	0	0	0	0	0	0	1	64	2	no
reg_move_c1.src_flag	untested	geometry-mapped	inert in the tested envelope	unknown	G17P-direct	auditable	passed-own-gate	2	2	2	8	2	0	0	0	0	0	0	1	8	2	no
reg_move_c1.src_reg	untested	geometry-mapped	inert in the tested envelope	unknown	G17P-direct	auditable	passed-own-gate	128	128	128	512	128	0	0	0	0	0	0	1	512	2	no
reg_move_c2var.dst	untested	geometry-mapped	live in the tested envelope	unknown	G17P-direct	auditable	passed-own-gate	16	16	16	64	1	0	0	0	0	0	0	15	64	2	no
reg_move_c2var.op_desc	untested	geometry-mapped	live in the tested envelope	unknown	G17P-direct	auditable	passed-own-gate	256	256	256	1024	20	848	0	0	0	0	0	4	1024	2	yes
reg_move_c2var.src_flag	untested	geometry-mapped	inert in the tested envelope	unknown	G17P-direct	auditable	passed-own-gate	2	2	2	8	2	0	0	0	0	0	0	1	8	2	no
reg_move_c2var.src_reg	untested	geometry-mapped	live in the tested envelope	unknown	G17P-direct	auditable	passed-own-gate	128	128	128	512	10	424	0	0	0	0	0	4	512	2	yes
reg_move_c2var.subform	untested	geometry-mapped	live in the tested envelope	unknown	G17P-direct	auditable	passed-own-gate	16	16	16	64	4	32	0	0	0	0	0	5	64	2	yes
reg_move_c9.dst	untested	geometry-mapped	inert in the tested envelope	unknown	G17P-direct	auditable	passed-own-gate	16	16	16	64	16	0	0	0	0	0	0	1	64	2	no
reg_move_c9.op_desc	untested	geometry-mapped	live in the tested envelope	unknown	G17P-direct	auditable	passed-own-gate	256	256	256	1024	48	0	0	0	0	0	0	4	1024	2	no
reg_move_c9.src_class	untested	geometry-mapped	inert in the tested envelope	unknown	G17P-direct	auditable	passed-own-gate	16	16	16	64	16	0	0	0	0	0	0	1	64	2	no
reg_move_c9.src_flag	untested	geometry-mapped	inert in the tested envelope	unknown	G17P-direct	auditable	passed-own-gate	2	2	2	8	2	0	0	0	0	0	0	1	8	2	no
reg_move_c9.src_reg	untested	geometry-mapped	live in the tested envelope	unknown	G17P-direct	auditable	passed-own-gate	128	128	128	512	2	0	0	0	0	0	0	16	512	2	no
ret.scoreboard	corpus-correlation	geometry-mapped	live in the tested envelope	unknown	G16G-direct	independently-confirmed	never-promoted	256	256	256	4713	256	0	5	0	4	0	0	4	4672	11	yes
ret_luse.linkmode	untested	geometry-mapped	live in the tested envelope	unknown	G17P-direct	independently-confirmed	passed-own-gate	256	256	256	3010	96	0	2350	256	0	0	0	3	3010	6	yes
rt_as_load.addr_hi	untested	unverified	not-dispatched	unknown	cross-target-inferred	incomplete	never-promoted	256	0	0	0	0	0	0	0	0	0	256	0	0	0	no
rt_as_load.addr_lo	untested	unverified	not-dispatched	unknown	cross-target-inferred	incomplete	never-promoted	256	0	0	0	0	0	0	0	0	0	256	0	0	0	no
rt_as_load.dst	untested	unverified	not-dispatched	unknown	cross-target-inferred	incomplete	never-promoted	256	0	0	0	0	0	0	0	0	0	256	0	0	0	no
rt_as_load.elem_size	tokenization-only	unverified	not-dispatched	unknown	cross-target-inferred	incomplete	never-promoted	256	0	0	0	0	0	0	0	0	0	256	0	0	0	no
rt_as_load.field_off	corpus-correlation	unverified	not-dispatched	unknown	cross-target-inferred	incomplete	never-promoted	256	0	0	0	0	0	0	0	0	0	256	0	0	0	no
rt_as_load.flags	tokenization-only	unverified	not-dispatched	unknown	cross-target-inferred	incomplete	never-promoted	256	0	0	0	0	0	0	0	0	0	256	0	0	0	no
rt_as_load.mode	tokenization-only	unverified	not-dispatched	unknown	cross-target-inferred	incomplete	never-promoted	256	0	0	0	0	0	0	0	0	0	256	0	0	0	no
rt_as_load.off_hi	tokenization-only	unverified	not-dispatched	unknown	cross-target-inferred	incomplete	never-promoted	256	0	0	0	0	0	0	0	0	0	256	0	0	0	no
rt_as_load.off_lo	tokenization-only	unverified	not-dispatched	unknown	cross-target-inferred	incomplete	never-promoted	256	0	0	0	0	0	0	0	0	0	256	0	0	0	no
rt_as_load.reserved13	tokenization-only	unverified	not-dispatched	unknown	cross-target-inferred	incomplete	never-promoted	256	0	0	0	0	0	0	0	0	0	256	0	0	0	no
rt_as_load.reserved7	tokenization-only	unverified	not-dispatched	unknown	cross-target-inferred	incomplete	never-promoted	256	0	0	0	0	0	0	0	0	0	256	0	0	0	no
rt_as_load.sub_space	untested	unverified	not-dispatched	unknown	cross-target-inferred	incomplete	never-promoted	256	0	0	0	0	0	0	0	0	0	256	0	0	0	no
rt_as_load.width	tokenization-only	unverified	not-dispatched	unknown	cross-target-inferred	incomplete	never-promoted	256	0	0	0	0	0	0	0	0	0	256	0	0	0	no
rt_intersect.as_type	corpus-correlation	unverified	carrier-undecidable	unknown	G17P-direct	independently-confirmed	never-promoted	256	6	0	0	0	0	0	0	1	0	250	1	0	0	yes
rt_intersect.b5	untested	unverified	not-dispatched	unknown	cross-target-inferred	incomplete	never-promoted	256	0	0	0	0	0	0	0	0	0	256	0	0	0	no
rt_intersect.b7	untested	unverified	not-dispatched	unknown	cross-target-inferred	incomplete	never-promoted	256	0	0	0	0	0	0	0	0	0	256	0	0	0	no
rt_intersect.dst	corpus-correlation	unverified	carrier-undecidable	unknown	G17P-direct	auditable	never-promoted	16	3	0	0	0	0	0	0	0	0	13	1	0	0	no
rt_intersect.flags	corpus-correlation	unverified	not-dispatched	unknown	cross-target-inferred	incomplete	never-promoted	256	0	0	0	0	0	0	0	0	0	256	0	0	0	no
rt_intersect.mode	corpus-correlation	unverified	carrier-undecidable	unknown	G17P-direct	auditable	never-promoted	256	3	0	0	0	0	0	0	0	0	253	1	0	0	no
rt_intersect.ray_param	corpus-correlation	unverified	carrier-undecidable	unknown	G17P-direct	auditable	never-promoted	256	2	0	0	0	0	0	0	0	0	254	1	0	0	no
rt_query_traverse.dst	untested	geometry-mapped	live in the tested envelope	unknown	G17P-direct	auditable	passed-own-gate	16	16	16	2016	16	48	0	0	0	0	0	12	2016	4	yes
rt_query_traverse.opA	untested	unverified	not-dispatched	unknown	cross-target-inferred	incomplete	passed-own-gate	256	0	0	0	0	0	0	0	0	0	256	0	0	0	no
rt_query_traverse.opB	untested	ledger-verified	live in the tested envelope	unknown	G16G-direct	independently-confirmed	passed-own-gate	256	15	15	2285	15	97	0	0	0	0	241	9	2285	8	yes
rt_query_traverse.sel	untested	unverified	live in the tested envelope	hypothesis	G16G-direct	incomplete	passed-own-gate	256	4	0	0	0	0	0	0	0	0	252	0	0	0	no
rt_query_traverse2.b5	tokenization-only	unverified	not-dispatched	unknown	cross-target-inferred	incomplete	never-promoted	256	0	0	0	0	0	0	0	0	0	256	0	0	0	no
rt_query_traverse2.b6	tokenization-only	unverified	not-dispatched	unknown	cross-target-inferred	incomplete	never-promoted	256	0	0	0	0	0	0	0	0	0	256	0	0	0	no
rt_query_traverse2.b7	tokenization-only	unverified	not-dispatched	unknown	cross-target-inferred	incomplete	never-promoted	256	0	0	0	0	0	0	0	0	0	256	0	0	0	no
rt_query_traverse2.dst	tokenization-only	unverified	not-dispatched	unknown	cross-target-inferred	incomplete	never-promoted	16	0	0	0	0	0	0	0	0	0	16	0	0	0	no
rt_query_traverse2.getter	tokenization-only	unverified	not-dispatched	unknown	cross-target-inferred	incomplete	never-promoted	256	0	0	0	0	0	0	0	0	0	256	0	0	0	no
rt_query_traverse2.sel	tokenization-only	unverified	not-dispatched	unknown	cross-target-inferred	incomplete	never-promoted	256	0	0	0	0	0	0	0	0	0	256	0	0	0	no
rt_ray_mem.addr_hi	untested	unverified	not-dispatched	unknown	cross-target-inferred	incomplete	never-promoted	256	0	0	0	0	0	0	0	0	0	256	0	0	0	no
rt_ray_mem.addr_lo	untested	unverified	not-dispatched	unknown	cross-target-inferred	incomplete	never-promoted	256	0	0	0	0	0	0	0	0	0	256	0	0	0	no
rt_ray_mem.dst	untested	unverified	not-dispatched	unknown	cross-target-inferred	incomplete	never-promoted	256	0	0	0	0	0	0	0	0	0	256	0	0	0	no
rt_ray_mem.elem_size	tokenization-only	unverified	not-dispatched	unknown	cross-target-inferred	incomplete	never-promoted	256	0	0	0	0	0	0	0	0	0	256	0	0	0	no
rt_ray_mem.field_off	corpus-correlation	unverified	not-dispatched	unknown	cross-target-inferred	incomplete	never-promoted	256	0	0	0	0	0	0	0	0	0	256	0	0	0	no
rt_ray_mem.flags	tokenization-only	unverified	not-dispatched	unknown	cross-target-inferred	incomplete	never-promoted	256	0	0	0	0	0	0	0	0	0	256	0	0	0	no
rt_ray_mem.mode	tokenization-only	unverified	not-dispatched	unknown	cross-target-inferred	incomplete	never-promoted	256	0	0	0	0	0	0	0	0	0	256	0	0	0	no
rt_ray_mem.off_hi	tokenization-only	unverified	not-dispatched	unknown	cross-target-inferred	incomplete	never-promoted	256	0	0	0	0	0	0	0	0	0	256	0	0	0	no
rt_ray_mem.off_lo	tokenization-only	unverified	not-dispatched	unknown	cross-target-inferred	incomplete	never-promoted	256	0	0	0	0	0	0	0	0	0	256	0	0	0	no
rt_ray_mem.reserved13	tokenization-only	unverified	not-dispatched	unknown	cross-target-inferred	incomplete	never-promoted	256	0	0	0	0	0	0	0	0	0	256	0	0	0	no
rt_ray_mem.reserved7	tokenization-only	unverified	not-dispatched	unknown	cross-target-inferred	incomplete	never-promoted	256	0	0	0	0	0	0	0	0	0	256	0	0	0	no
rt_ray_mem.width	tokenization-only	unverified	not-dispatched	unknown	cross-target-inferred	incomplete	never-promoted	256	0	0	0	0	0	0	0	0	0	256	0	0	0	no
rt_ray_mem_ldidx.addr_mode	corpus-correlation	unverified	not-dispatched	unknown	cross-target-inferred	incomplete	never-promoted	256	0	0	0	0	0	0	0	0	0	256	0	0	0	no
rt_ray_mem_ldidx.idx_dst	tokenization-only	unverified	not-dispatched	unknown	cross-target-inferred	incomplete	never-promoted	256	0	0	0	0	0	0	0	0	0	256	0	0	0	no
rt_ray_mem_ldidx.idx_hi	tokenization-only	unverified	not-dispatched	unknown	cross-target-inferred	incomplete	never-promoted	256	0	0	0	0	0	0	0	0	0	256	0	0	0	no
rt_ray_mem_ldidx.idx_lo	tokenization-only	unverified	not-dispatched	unknown	cross-target-inferred	incomplete	never-promoted	256	0	0	0	0	0	0	0	0	0	256	0	0	0	no
rt_ray_mem_ldidx.marker	tokenization-only	unverified	not-dispatched	unknown	cross-target-inferred	incomplete	never-promoted	256	0	0	0	0	0	0	0	0	0	256	0	0	0	no
rt_ray_mem_ldidx.rsv11	tokenization-only	unverified	not-dispatched	unknown	cross-target-inferred	incomplete	never-promoted	256	0	0	0	0	0	0	0	0	0	256	0	0	0	no
rt_ray_mem_ldidx.rsv4	tokenization-only	unverified	not-dispatched	unknown	cross-target-inferred	incomplete	never-promoted	256	0	0	0	0	0	0	0	0	0	256	0	0	0	no
rt_ray_mem_ldidx.scale	tokenization-only	unverified	not-dispatched	unknown	cross-target-inferred	incomplete	never-promoted	256	0	0	0	0	0	0	0	0	0	256	0	0	0	no
rt_ray_mem_ldidx.wtype	tokenization-only	unverified	not-dispatched	unknown	cross-target-inferred	incomplete	never-promoted	256	0	0	0	0	0	0	0	0	0	256	0	0	0	no
rt_ray_mem_short.reg	tokenization-only	unverified	not-dispatched	unknown	cross-target-inferred	incomplete	never-promoted	256	0	0	0	0	0	0	0	0	0	256	0	0	0	no
rt_ray_mem_short.rsv4	tokenization-only	unverified	not-dispatched	unknown	cross-target-inferred	incomplete	never-promoted	256	0	0	0	0	0	0	0	0	0	256	0	0	0	no
rt_ray_mem_short.rsv5	tokenization-only	unverified	not-dispatched	unknown	cross-target-inferred	incomplete	never-promoted	256	0	0	0	0	0	0	0	0	0	256	0	0	0	no
rt_transform_test.dst	tokenization-only	unverified	not-dispatched	unknown	cross-target-inferred	incomplete	never-promoted	16	0	0	0	0	0	0	0	0	0	16	0	0	0	no
rt_transform_test.mark2	tokenization-only	unverified	not-dispatched	unknown	cross-target-inferred	incomplete	never-promoted	256	0	0	0	0	0	0	0	0	0	256	0	0	0	no
rt_transform_test.opA	tokenization-only	unverified	not-dispatched	unknown	cross-target-inferred	incomplete	never-promoted	256	0	0	0	0	0	0	0	0	0	256	0	0	0	no
rt_transform_test.opAflags	tokenization-only	unverified	not-dispatched	unknown	cross-target-inferred	incomplete	never-promoted	256	0	0	0	0	0	0	0	0	0	256	0	0	0	no
rt_transform_test.opAmod	tokenization-only	unverified	not-dispatched	unknown	cross-target-inferred	incomplete	never-promoted	256	0	0	0	0	0	0	0	0	0	256	0	0	0	no
rt_transform_test.opB	tokenization-only	unverified	not-dispatched	unknown	cross-target-inferred	incomplete	never-promoted	256	0	0	0	0	0	0	0	0	0	256	0	0	0	no
rt_transform_test.src	tokenization-only	unverified	not-dispatched	unknown	cross-target-inferred	incomplete	never-promoted	256	0	0	0	0	0	0	0	0	0	256	0	0	0	no
rtq_dualsrc.b3	tokenization-only	unverified	not-dispatched	unknown	cross-target-inferred	incomplete	never-promoted	256	0	0	0	0	0	0	0	0	0	256	0	0	0	no
rtq_dualsrc.opA	tokenization-only	unverified	not-dispatched	unknown	cross-target-inferred	incomplete	never-promoted	n/a (width=32 bits)	0	0	0	0	0	0	0	0	0	n/a	0	0	0	no
rtq_dualsrc.opB	tokenization-only	unverified	not-dispatched	unknown	cross-target-inferred	incomplete	never-promoted	n/a (width=32 bits)	0	0	0	0	0	0	0	0	0	n/a	0	0	0	no
scoreboard_fence.kind	corpus-correlation	geometry-mapped	live in the tested envelope	unknown	G16G-direct	independently-confirmed	never-promoted	256	256	256	1042	256	261	0	0	0	0	0	5	512	2	yes
scoreboard_fence.mask	tokenization-only	geometry-mapped	live in the tested envelope	unknown	G16G-direct	independently-confirmed	never-promoted	256	256	256	1107	256	0	19	17	0	0	0	132	512	2	yes
scoreboard_fence.scope	tokenization-only	geometry-mapped	live in the tested envelope	unknown	G16G-direct	independently-confirmed	never-promoted	128	128	128	510	128	0	0	0	0	0	0	3	256	2	no
shift_amt_move.src_flag	untested	geometry-mapped	live in the tested envelope	unknown	G16G-direct	independently-confirmed	passed-own-gate	2	256	256	4778	2	0	0	0	0	0	n/a	62	4778	11	no
simd_ballot.cache	single-template-inference	geometry-mapped	live in the tested envelope	unknown	G17P-direct	independently-confirmed	never-promoted	256	256	256	10768	256	0	0	0	0	0	0	33	5648	13	no
simd_ballot.pred	untested	geometry-mapped	live in the tested envelope	unknown	G17P-direct	auditable	passed-own-gate	16	16	16	324	1	0	0	0	0	0	0	11	324	6	no
simd_reduce.dtype	untested	geometry-mapped	live in the tested envelope	unknown	G17P-direct	auditable	passed-own-gate	256	256	256	4112	5	68	1	1	0	0	0	134	4112	4	yes
simd_reduce.op	untested	geometry-mapped	live in the tested envelope	unknown	G17P-direct	auditable	passed-own-gate	256	256	256	4112	5	256	0	0	0	0	0	79	4112	4	yes
simd_shuffle.cache	single-template-inference	geometry-mapped	live in the tested envelope	unknown	G17P-direct	independently-confirmed	never-promoted	2	2	2	135	2	2	0	0	0	0	0	2	39	27	yes
simd_shuffle.dir	untested	geometry-mapped	live in the tested envelope	unknown	G17P-direct	auditable	passed-own-gate	2	2	2	35	2	0	0	0	0	0	0	2	35	5	no
spill_frame_marker.b1	untested	unverified	not-dispatched	unknown	cross-target-inferred	incomplete	passed-own-gate	256	0	0	0	0	0	0	0	0	0	256	0	0	0	no
spill_frame_marker.b2	untested	unverified	not-dispatched	unknown	cross-target-inferred	incomplete	passed-own-gate	256	0	0	0	0	0	0	0	0	0	256	0	0	0	no
spill_frame_marker.b3	untested	unverified	not-dispatched	unknown	cross-target-inferred	incomplete	passed-own-gate	256	0	0	0	0	0	0	0	0	0	256	0	0	0	no
stop.reserved	untested	ledger-verified	live in the tested envelope	unknown	G17P-direct	independently-confirmed	passed-own-gate	n/a (width=24 bits)	256	256	4707	89	0	0	0	0	0	n/a	2	4707	9	no
tex_addr_setup.cache	untested	unverified	accepted-inert among the legal values in the tested envelope	hypothesis	G16G-direct	incomplete	passed-own-gate	2	7	0	0	0	0	0	0	0	0	n/a	0	0	0	no
tex_addr_setup.form	untested	unverified	live in the tested envelope	hypothesis	G16G-direct	incomplete	passed-own-gate	256	6	0	0	0	0	0	0	0	0	250	0	0	0	no
tex_addr_setup.op_cnt	untested	unverified	live in the tested envelope	hypothesis	G16G-direct	incomplete	passed-own-gate	256	5	0	0	0	0	0	0	0	0	251	0	0	0	no
tex_addr_setup.op_desc9	untested	unverified	live in the tested envelope	hypothesis	G16G-direct	incomplete	passed-own-gate	256	6	0	0	0	0	0	0	0	0	250	0	0	0	no
tex_addr_setup.op_hi	untested	unverified	live in the tested envelope	hypothesis	G16G-direct	incomplete	passed-own-gate	256	4	0	0	0	0	0	0	0	0	252	0	0	0	no
tex_addr_setup.op_mode	untested	unverified	live in the tested envelope	hypothesis	G16G-direct	incomplete	passed-own-gate	256	11	0	0	0	0	0	0	0	0	245	0	0	0	no
tex_addr_setup.op_reg	untested	unverified	live in the tested envelope	hypothesis	G16G-direct	incomplete	passed-own-gate	256	3	0	0	0	0	0	0	0	0	253	0	0	0	no
tex_addr_setup.op_reg2	untested	unverified	live in the tested envelope	hypothesis	G16G-direct	incomplete	passed-own-gate	256	4	0	0	0	0	0	0	0	0	252	0	0	0	no
tex_addr_setup.rsv11	untested	unverified	accepted-inert among the legal values in the tested envelope	hypothesis	G16G-direct	incomplete	passed-own-gate	256	11	0	0	0	0	0	0	0	0	245	0	0	0	no
tex_addr_setup.rsv6	untested	unverified	live in the tested envelope	hypothesis	G16G-direct	incomplete	passed-own-gate	256	4	0	0	0	0	0	0	0	0	252	0	0	0	no
tex_addr_setup.src_desc	untested	unverified	live in the tested envelope	hypothesis	G16G-direct	incomplete	passed-own-gate	256	6	0	0	0	0	0	0	0	0	250	0	0	0	no
tex_coord_setup.b1	untested	geometry-mapped	live in the tested envelope	unknown	G17P-direct	auditable	never-promoted	256	256	256	1024	255	1	0	0	0	0	0	2	1024	1	yes
tex_coord_setup.b9	single-template-inference	geometry-mapped	inert in the tested envelope	unknown	G17P-direct	independently-confirmed	never-promoted	256	256	256	5632	256	0	0	0	0	0	0	1	1024	10	no
tex_coord_setup.form	corpus-correlation	geometry-mapped	live in the tested envelope	unknown	G17P-direct	auditable	never-promoted	256	256	256	1024	256	3	0	0	0	0	0	2	1024	1	yes
tex_coord_setup.srcA	corpus-correlation	geometry-mapped	live in the tested envelope	unknown	G17P-direct	auditable	never-promoted	256	256	256	1024	256	8	0	0	0	0	0	2	1024	1	yes
tex_deriv.dstsrc	untested	ledger-verified	live in the tested envelope	unknown	G17P-direct	independently-confirmed	passed-own-gate	n/a (width=24 bits)	66	66	1284	2	0	81	9	1	0	n/a	57	908	12	yes
tex_sample.mode	untested	geometry-mapped	live in the tested envelope	unknown	G17P-direct	auditable	passed-own-gate	256	256	256	5120	128	0	0	0	0	0	0	256	5120	10	no
tex_write.amode	untested	geometry-mapped	live in the tested envelope	unknown	G17P-direct	independently-confirmed	passed-own-gate	256	256	256	11520	256	0	0	0	0	0	0	256	8448	21	no
tex_write.rsv11	untested	geometry-mapped	live in the tested envelope	unknown	G17P-direct	independently-confirmed	passed-own-gate	256	256	256	10752	256	0	0	0	0	0	0	256	7680	20	no
tg_addr_compute.b3	untested	geometry-mapped	inert in the tested envelope	unknown	G16G-direct	independently-confirmed	passed-own-gate	256	256	256	1026	256	0	0	0	0	0	0	1	1026	1	no
tg_addr_compute.b4	untested	geometry-mapped	inert in the tested envelope	unknown	G16G-direct	independently-confirmed	passed-own-gate	256	256	256	1026	256	0	0	0	0	0	0	1	1026	1	no
tg_addr_compute.b5	untested	geometry-mapped	inert in the tested envelope	unknown	G16G-direct	independently-confirmed	passed-own-gate	256	256	256	1026	256	0	0	0	0	0	0	1	1026	1	no
tg_atomic_prep10.body	corpus-correlation	unverified	not-dispatched	unknown	cross-target-inferred	incomplete	never-promoted	n/a (width=40 bits)	0	0	0	0	0	0	0	0	0	n/a	0	0	0	no
tg_atomic_prep10.dst	corpus-correlation	unverified	not-dispatched	unknown	cross-target-inferred	incomplete	never-promoted	16	0	0	0	0	0	0	0	0	0	16	0	0	0	no
tg_atomic_prep10.tail	corpus-correlation	unverified	not-dispatched	unknown	cross-target-inferred	incomplete	never-promoted	65536	0	0	0	0	0	0	0	0	0	65536	0	0	0	no
threadgroup_barrier.b5	untested	geometry-mapped	inert in the tested envelope	unknown	G16G-direct	auditable	passed-own-gate	256	256	256	514	256	0	0	0	0	0	0	1	514	1	no
threadgroup_barrier.flags	untested	geometry-mapped	inert in the tested envelope	unknown	G16G-direct	auditable	passed-own-gate	256	256	256	514	256	0	0	0	0	0	0	1	514	1	no
threadgroup_barrier.mem_scope	untested	geometry-mapped	live in the tested envelope	unknown	G16G-direct	auditable	passed-own-gate	256	256	256	514	128	0	0	0	0	0	0	19	514	1	no
threadgroup_barrier.sub	untested	geometry-mapped	live in the tested envelope	unknown	G16G-direct	auditable	passed-own-gate	256	256	256	514	64	0	0	0	0	0	0	7	514	1	no
tile_read.b2	untested	geometry-mapped	inert in the tested envelope	unknown	G16G-direct	independently-confirmed	passed-own-gate	256	256	256	1536	256	0	0	0	0	0	0	1	1536	3	no
tile_read.b4	untested	geometry-mapped	inert in the tested envelope	unknown	G16G-direct	independently-confirmed	passed-own-gate	256	256	256	1536	256	0	0	0	0	0	0	1	1536	3	no
tile_read.b6_hi	untested	geometry-mapped	live in the tested envelope	unknown	G16G-direct	independently-confirmed	passed-own-gate	128	256	256	1024	128	256	0	0	0	0	n/a	2	1024	2	yes
tile_read.b7	untested	geometry-mapped	live in the tested envelope	unknown	G16G-direct	independently-confirmed	passed-own-gate	256	256	256	1536	4	694	0	0	0	0	0	45	1536	3	yes
tile_read.tail	untested	ledger-verified WITH COLLAPSE	live in the tested envelope	unknown	G16G-direct	independently-confirmed	passed-own-gate	n/a (width=32 bits)	1200	1062	6450	140	5233	0	0	0	13	n/a	14	6450	3	yes
tile_read_mrt.b4	untested	geometry-mapped	inert in the tested envelope	unknown	G16G-direct	independently-confirmed	passed-own-gate	256	256	256	1536	256	0	0	0	0	0	0	1	1536	3	no
tile_read_mrt.b6_hi	untested	geometry-mapped	live in the tested envelope	unknown	G16G-direct	independently-confirmed	passed-own-gate	128	256	256	1024	128	256	0	0	0	0	n/a	2	1024	2	yes
unpack_convert.cache	untested	geometry-mapped	live in the tested envelope	unknown	G16G-direct	auditable	passed-own-gate	256	256	256	1024	192	128	512	0	256	0	0	2	1024	1	yes
unpack_convert.fmt_sel	untested	ledger-verified via a composite/byte-position/legacy-named record	live in the tested envelope	unknown	G16G-direct	auditable	passed-own-gate	16	256	256	2560	0	1780	0	0	0	0	n/a	96	2560	0	yes
unpack_convert.opdesc	untested	ledger-verified via a composite/byte-position/legacy-named record	live in the tested envelope	unknown	G16G-direct	auditable	passed-own-gate	256	256	1021	2048	0	1052	132	0	0	0	0	32	2048	0	yes
unpack_convert.size	untested	ledger-verified via a composite/byte-position/legacy-named record	live in the tested envelope	unknown	G16G-direct	auditable	passed-own-gate	16	256	256	7168	0	1780	4608	0	0	0	n/a	96	7168	0	yes
unpack_convert.src	untested	ledger-verified	live in the tested envelope	unknown	G16G-direct	independently-confirmed	passed-own-gate	256	256	1021	3168	4	1271	652	0	0	0	0	32	3168	0	yes
unpack_convert.src_class	untested	ledger-verified via a composite/byte-position/legacy-named record	live in the tested envelope	unknown	G16G-direct	independently-confirmed	passed-own-gate	256	256	256	1120	0	219	520	0	0	0	0	8	1120	0	yes
vary_store.b5_tag	untested	geometry-mapped	live in the tested envelope	unknown	G17P-direct	auditable	passed-own-gate	128	128	128	264	33	51	136	64	0	0	0	4	256	1	yes
vary_store.b7	single-template-inference	geometry-mapped	inert in the tested envelope	unknown	G17P-direct	independently-confirmed	never-promoted	256	256	256	5120	256	0	0	0	0	0	0	1	512	10	no
vary_store.hint1	untested	geometry-mapped	live in the tested envelope	unknown	G17P-direct	auditable	passed-own-gate	256	256	256	512	32	178	256	128	0	0	0	6	512	1	yes
vary_store.hint2	single-template-inference	geometry-mapped	inert in the tested envelope	unknown	G17P-direct	independently-confirmed	never-promoted	256	256	256	5120	256	0	0	0	0	0	0	1	512	10	no
vtx_coord_xform.operand	untested	ledger-verified WITH COLLAPSE	live in the tested envelope	unknown	G16G-direct	independently-confirmed	passed-own-gate	n/a (width=40 bits)	606	1335	2688	606	987	39	0	0	4	n/a	2	2688	2	yes
vtx_out_pos.dst	untested	geometry-mapped	live in the tested envelope	unknown	G16G-direct	independently-confirmed	passed-own-gate	16	16	16	224	16	4	0	0	0	0	0	3	224	4	yes
vtx_out_pos.slot	single-template-inference	geometry-mapped	inert in the tested envelope	unknown	G16G-direct	independently-confirmed	passed-own-gate	256	256	256	3584	256	0	0	0	0	0	0	1	3584	4	no
