va	size	handle	role	content_captured	sha256	tries
0x0	0x10000	0	unnamed-descriptor-candidate	0	509b068ecd4c21a737ef7f976344651fc1ec3139ff4356a2b3b1b37b9e870d2d	1
0x18000	0x8000	0	vdm-command-state	1	342eb5c0a4c91f2b5f3d2f9ec26eee0167c2edd49affef23c2974c4f84a8baad	1
0x28000	0x8000	0	unnamed-descriptor-candidate	0	c35020473aed1b4642cd726cad727b63fff2824ad68cedd7ffb73c7cbd890479	1
0x38000	0x8000	0	unnamed-descriptor-candidate	0	c35020473aed1b4642cd726cad727b63fff2824ad68cedd7ffb73c7cbd890479	1
0x48000	0x8000	0	unnamed-descriptor-candidate	0	76e983b8f2356ce8cbb86c8ed435cae84f3e6d93d075011e1f6d8e78ef6450e0	1
0x58000	0x8000	0	fixed-function-render-state	1	686133683f0887847899a385b8dcc6e0a73d516d7f6d0087769bacc64e6d0130	1
0x68000	0x88e0	0	tiling-state	1	fa098bf26875d39b04d11860b717b095719ddc4082e9237ce4a8880e9b490891	1
0x6f00000000	0x3800	0	unnamed-descriptor-candidate	0	90b446c6472fde83a94e15bcef5e4b2ea20522db2c242448f6a825bb2a3f42b1	1
0x10000000000	0x10000	0	unnamed-descriptor-candidate	0	b8a8be461284ff25cefc39839cd86e1ad7a75dcb9700dff0c7430d67ad0b4597	1
0x10000018000	0x20000	0	unnamed-descriptor-candidate	0	a9cbaf2fe167f35febb437fd192caf65aad24bce4bc9969e0494e7ed6d97bd3e	1
0x10000018200	0x20000	0	mrt-attachment-descriptors	1	85623becef454610ef3d6003f512c92df236b10522e0f9c47959a2e40c1dee80	1
0x10000018400	0x20000	0	unnamed-descriptor-candidate	0	70996195a7438c369a83a27ead7e5293514caf6e8f9a81767d8347619fdd0100	1
0x10000018600	0x20000	0	unnamed-descriptor-candidate	0	db84f9ba58ad5ca171c78242452fc2af2434cd27e0d28c095bd500dab5a2eedb	1
0x10000018700	0x20000	0	unnamed-descriptor-candidate	0	54441dec12624ae68a34e1310ea385278cd4fd9bd315cefd829770afdeab15dc	1
0x10000018800	0x20000	0	unnamed-descriptor-candidate	0	c69094d8b5ca895bd05111eccb8e00f20eb5246d414a18f68dc5d28d0d1074d7	1
0x10000018900	0x20000	0	unnamed-descriptor-candidate	0	9c5eb8f627129452bd4b049140971c9bbfbf1dba05d624b58ce5a2780f2c4525	1
0x10000019900	0x20000	0	unnamed-descriptor-candidate	0	d2bcdce38d74f6c343b5503980582465dc33d1604debfe8d89686e59c1752f96	1
0x10000019a00	0x20000	0	unnamed-descriptor-candidate	0	d83d15b7ef3f7a5b23cb1efa51337789ae52aae714cd9193ec6baed66e40e37d	1
0x10000019b00	0x20000	0	unnamed-descriptor-candidate	0	6aaca855d5a5dfae4eec150c1fcff2be45412b66c427d611274daa0178bf0762	1
0x10000019c00	0x20000	0	unnamed-descriptor-candidate	0	7966953e41d1ae0c21cf0f126e1642529f3fc0d66d7b01f7e0a2cb82e9d36812	1
0x1000001a400	0x20000	0	unnamed-descriptor-candidate	0	47f21d55d357b5773ffe05a9e71df6d2ae46d82563683e6146aa2369ee9431f1	1
0x1000001a500	0x20000	0	unnamed-descriptor-candidate	0	2780f573fa61655832e6f4537e6841387f19a3b1d2ccea7e223ab9907520fe8c	1
0x1000001c500	0x20000	0	unnamed-descriptor-candidate	0	b2400cd77d24c9fd4561760056d73dc5e192f493fdec5df7343a117a5f8a1e5d	1
0x10000040000	0x10000	0	unnamed-descriptor-candidate	1	5314e7cc29982aec4b627dad9781e70e5f6eca176c735d28280405511a3613e3	1
0x10000058000	0x20000	0	unnamed-descriptor-candidate	1	630584f85b2eaca640b5b4a37cebc1654defafb3a01f2fa150a6f029d362f30d	1
0x10000058100	0x20000	0	unnamed-descriptor-candidate	1	5d7169397900c02c7ea537167e8c1a147a2cd7e9ff47946b341c189f4f2830dc	1
0x10000080000	0x74000	0	unnamed-descriptor-candidate	0	f1bf8fab9ae19e358c4f82f2a5604c64bd996c3bd2fb5706119a3a17b4e31dc8	1
0x100000f8000	0x8000	0	unnamed-descriptor-candidate	1	2cf049c7461d1e3d075ebe896ae9faaacc437928a4b6c0f135cacf066b5c8bc1	1
0x10000108000	0x8000	0	unnamed-descriptor-candidate	1	7e4f8f9175bd31fc2bd824a9e30fb03bd7b76b4684bf084b7934f5bcc8f82eaf	1
0x10000118000	0x8000	0	unnamed-descriptor-candidate	1	d7242d3ccdafd760232edfde67dfdefed9881f67a6ea937c30e431113f7136f7	1
0x10000128000	0x8000	0	clear-color-arena	1	ffe2bad46a38df83ec0cc426e89e53e7e91d9d796c7156a111a8c1e6ca32cd49	1
0x10000138000	0x100000	0	unnamed-descriptor-candidate	0	4b34af25711f378b25134071bcc8b642c441051e61024cac40b9bbd603d77eba	1
0x10000240000	0x8000	0	unnamed-descriptor-candidate	1	6e73a999e97199317e58a5b7f716c9f2abc8a4a271e3eab4e3101d1f79901a19	1
0x10000250000	0x8000	0	unnamed-descriptor-candidate	1	c35020473aed1b4642cd726cad727b63fff2824ad68cedd7ffb73c7cbd890479	1
0x10000260000	0x8000	0	unnamed-descriptor-candidate	1	c35020473aed1b4642cd726cad727b63fff2824ad68cedd7ffb73c7cbd890479	1
0x10000270000	0x8000	0	unnamed-descriptor-candidate	1	c35020473aed1b4642cd726cad727b63fff2824ad68cedd7ffb73c7cbd890479	1
0x10000280000	0x8000	0	unnamed-descriptor-candidate	1	c35020473aed1b4642cd726cad727b63fff2824ad68cedd7ffb73c7cbd890479	1
0x10000290000	0xc0000	0	unnamed-descriptor-candidate	0	c35020473aed1b4642cd726cad727b63fff2824ad68cedd7ffb73c7cbd890479	1
