key	grade	label	bucket	checks
atomic_mem.oper_reg_hi	EMIT	hardware-run	SUPPORTED	check_0141
atomic_rmw.amode_hi	EMIT	hardware-run	SUPPORTED	check_0141
atomic_rmw.idx_off	EMIT	hardware-run	SUPPORTED	check_0141
atomic_rmw.index_reg	EMIT	hardware-run	SUPPORTED	check_0141
atomic_rmw.oper_reg_hi	EMIT	hardware-run	SUPPORTED	check_0141
atomic_rmw.oper_reg_lo	EMIT	hardware-run	SUPPORTED	check_0141
atomic_rmw.ret_desc	EMIT	hardware-run	SUPPORTED	check_0141
atomic_rmw.ret_flag	EMIT	hardware-run	SUPPORTED	check_0141
atomic_rmw.rsv10	EMIT	hardware-run	SUPPORTED	check_0141
atomic_rmw.rsv11	EMIT	hardware-run	SUPPORTED	check_0141
carry_gen.srcB	EMIT	hardware-run	SUPPORTED	check_misc
copysign.operands	OTHER	untested	SUPPORTED	check_e0189_nonzero
cvt_bf16.b5	EMIT	hardware-run	SUPPORTED	check_0162
cvt_bf16.b7	EMIT	hardware-run	SUPPORTED	check_0162
cvt_bf16.dir	EMIT	hardware-run	SUPPORTED	check_0162
cvt_bf16.dst	EMIT	hardware-run	SUPPORTED	check_0162
cvt_bf16.opsel	EMIT	hardware-run	SUPPORTED	check_0162
cvt_bf16.srcw	EMIT	hardware-run	SUPPORTED	check_0162
cvt_f2h_dst.dhalf	EMIT	hardware-run	SUPPORTED	check_0162
cvt_f2h_dst.opsel	EMIT	hardware-run	SUPPORTED	check_0162
cvt_f2h_dst.src	EMIT	hardware-run	SUPPORTED	check_0162
cvt_f2h_dst.srcfmt	EMIT	hardware-run	SUPPORTED	check_0162
cvt_f2h_dst.tail	EMIT	hardware-run	SUPPORTED	check_0162
falu2_ext.ctrl	OTHER	untested	SUPPORTED	check_e0189_nonzero
falu2_ext.mod_hi	EMIT	hardware-run	SUPPORTED	check_0138
falu2_ext.srcB_neg	EMIT	hardware-run	SUPPORTED	check_misc
falu2_srcmod10.mod_hi	EMIT	hardware-run	SUPPORTED	check_0138
falu3._instruction	EMIT_INSTR	hardware-run	SUPPORTED	check_misc
falu3.op	OTHER	untested	SUPPORTED	check_e0189_nonzero
falu3_ext._instruction	EMIT_INSTR	hardware-run	SUPPORTED	check_misc
falu3_ext.op	OTHER	untested	SUPPORTED	check_e0189_nonzero
falu3_srcmod12.mod_hi	EMIT	hardware-run	SUPPORTED	check_0138
falu_srcmod12b.dst	EMIT	hardware-run	SUPPORTED	check_0138
frag_color_store.flags	EMIT	hardware-run	SUPPORTED	check_0155
frag_depth_store._instruction	OTHER	corpus-correlation	INSTRUMENT-LIMITED	check_misc
fspecial.dst	EMIT	hardware-run	SUPPORTED	check_fspecial
fspecial.fnclass	EMIT	hardware-run	SUPPORTED	check_fspecial
fspecial.roundmode	EMIT	hardware-run	SUPPORTED	check_fspecial
fspecial.src	EMIT	hardware-run	SUPPORTED	check_fspecial
fspecial_est.srcA	OTHER	untested	SUPPORTED	check_e0189_nonzero
funary.mod	OTHER	corpus-correlation	SUPPORTED	check_misc
get_sr.dst_hi	OTHER	untested	SUPPORTED	check_e0189_nonzero
h_coord_hi.ctrl	EMIT	hardware-run	SUPPORTED	check_0157
h_coord_hi.dst	EMIT	hardware-run	SUPPORTED	check_0157
h_coord_hi.mods	EMIT	hardware-run	SUPPORTED	check_0157
h_coord_hi.opsel	EMIT	hardware-run	SUPPORTED	check_0157
h_coord_hi.srcA	EMIT	hardware-run	SUPPORTED	check_0157
h_coord_hi.srcB	EMIT	hardware-run	SUPPORTED	check_0157
h_coord_hi_ext.dst	EMIT	hardware-run	SUPPORTED	check_0157
h_coord_hi_ext.ext	OTHER	untested	SUPPORTED	check_e0189_nonzero
h_coord_hi_ext.opsel	EMIT	hardware-run	SUPPORTED	check_0157
h_coord_hi_ext.srcA	EMIT	hardware-run	SUPPORTED	check_0157
h_coord_hi_ext.srcB	OTHER	untested	SUPPORTED	check_e0189_nonzero
h_coord_hi_ext.srcC	EMIT	hardware-run	SUPPORTED	check_0157
h_coord_hi_ext.tail	OTHER	untested	SUPPORTED	check_e0189_nonzero
half_alu_fma12._instruction	EMIT_INSTR	hardware-run	INSTRUMENT-LIMITED	check_misc
iadd2.addsub	OTHER	untested	SUPPORTED	check_e0189_nonzero
iadd2.lenbit	EMIT	hardware-run	SUPPORTED	check_0139
iadd2.srcB_imm	OTHER	untested	SUPPORTED	check_e0189_nonzero
iadd2.srcB_reg_hi	OTHER	untested	SUPPORTED	check_e0189_nonzero
ibfe.b4	EMIT	hardware-run	SUPPORTED	check_0139
ibfe.b7	EMIT	hardware-run	SUPPORTED	check_0139
ibfe.lenhi	EMIT	isolated-byte-diff	SUPPORTED	check_0139
ibfe.srcC_flags	EMIT	isolated-byte-diff	SUPPORTED	check_0139
ibfe.width_lo	EMIT	isolated-byte-diff	SUPPORTED	check_0139
ibfins.b4	EMIT	hardware-run	SUPPORTED	check_0139
ibfins.form	EMIT	isolated-byte-diff	SUPPORTED	check_0139
ibfins.srcC	EMIT	isolated-byte-diff	SUPPORTED	check_0139
icmp_pred.cond	OTHER	untested	SUPPORTED	check_e0189_nonzero
icmp_pred.srcB	OTHER	untested	SUPPORTED	check_0139
icmpsel.dst	EMIT	isolated-byte-diff	SUPPORTED	check_0139
icmpsel.dst_full	OTHER	untested	SUPPORTED	check_0139
icmpsel.fmt	EMIT	isolated-byte-diff	SUPPORTED	check_0139
icmpsel.mark0	EMIT	isolated-byte-diff	SUPPORTED	check_0139
if_push.scope	OTHER	single-template-inference	SUPPORTED	check_misc
if_push.scope_kind	EMIT	hardware-run	SUPPORTED	check_0140
ilogic.dst	OTHER	untested	SUPPORTED	check_e0189_nonzero
ilogic.lut_a_free	OTHER	untested	SUPPORTED	check_e0189_nonzero
ilogic.lut_a_sel	OTHER	untested	SUPPORTED	check_e0189_nonzero
imad.b9	EMIT	isolated-byte-diff	SUPPORTED	check_0139
imad.opmode	EMIT	hardware-run	SUPPORTED	check_0139
imageblock_store.src	OTHER	untested	SUPPORTED	check_e0189_nonzero
iminmax.fmt	EMIT	isolated-byte-diff	SUPPORTED	check_0139
iminmax.selhi	EMIT	isolated-byte-diff	SUPPORTED	check_0139
irotate._instruction	EMIT_INSTR	hardware-run	SUPPORTED	check_misc
irotate.operands	OTHER	untested	SUPPORTED	check_e0189_nonzero
isel10.opsel	EMIT	isolated-byte-diff	SUPPORTED	check_0139
isel10.selFalse_file	EMIT	isolated-byte-diff	SUPPORTED	check_0139
isel10_c.cmpA	OTHER	untested	SUPPORTED	check_0139
isel10_c.cmpB	OTHER	untested	SUPPORTED	check_0139
isel10_c.cmp_mode	OTHER	untested	SUPPORTED	check_0139
isel10_c.selTrue	OTHER	untested	SUPPORTED	check_0139
isel8.opsel	EMIT	isolated-byte-diff	SUPPORTED	check_0139
isel_reg.selFalse_file	EMIT	isolated-byte-diff	SUPPORTED	check_0139
isel_reg8.cmpA	OTHER	untested	SUPPORTED	check_0139
isel_reg8.cmpB	OTHER	untested	SUPPORTED	check_0139
isel_reg8.cmp_mode	OTHER	untested	SUPPORTED	check_0139
isel_reg8.flags	OTHER	untested	SUPPORTED	check_0139
isel_reg8.selTrue	OTHER	untested	SUPPORTED	check_0139
ishift.form	EMIT	isolated-byte-diff	SUPPORTED	check_0139
ishift.op8	EMIT	isolated-byte-diff	SUPPORTED	check_0139
ishift.shamt	EMIT	hardware-run	SUPPORTED	check_0139
ishift.src_class	EMIT	hardware-run	SUPPORTED	check_0139
iter.dst	EMIT	isolated-byte-diff	SUPPORTED	check_0155
iter.grp	EMIT	hardware-run	OVERSTATED	check_0155
iter_at._instruction	EMIT_INSTR	isolated-byte-diff	SUPPORTED	check_misc
iter_at.dst	EMIT	isolated-byte-diff	SUPPORTED	check_0155
iter_flat._instruction	EMIT_INSTR	isolated-byte-diff	SUPPORTED	check_misc
iter_flat.b4	EMIT	hardware-run	OVERSTATED	check_0155
iter_flat.b5	EMIT	isolated-byte-diff	OVERSTATED	check_0155
iter_flat.sel	EMIT	isolated-byte-diff	OVERSTATED	check_0155
iunary.dst	EMIT	hardware-run	SUPPORTED	check_0139
iunary.src	EMIT	hardware-run	SUPPORTED	check_0139
iunary.srcdesc	EMIT	isolated-byte-diff	SUPPORTED	check_0139
mov_imm._instruction	EMIT_INSTR	hardware-run	INSTRUMENT-LIMITED	check_misc
mov_imm.dst	EMIT	hardware-run	SUPPORTED	check_0140
n2_op6._instruction	OTHER	corpus-correlation	SUPPORTED	check_misc
n2_op6.dst	EMIT	hardware-run	SUPPORTED	check_0157
n2_op6.imm_sel	EMIT	hardware-run	SUPPORTED	check_0157
n2_op6.opA	EMIT	hardware-run	SUPPORTED	check_0157
n2_op6.opB	EMIT	hardware-run	SUPPORTED	check_0157
n2_op6.opsel	EMIT	hardware-run	SUPPORTED	check_0157
n2_op6.src_desc	EMIT	hardware-run	SUPPORTED	check_0157
n3_sample_read.tail	OTHER	untested	SUPPORTED	check_0147;check_withheld
packed_half2_hi.dst	EMIT	hardware-run	SUPPORTED	check_0162
packed_half2_hi.mods	OTHER	untested	SUPPORTED	check_misc
pixel_order.flags	EMIT	hardware-run	SUPPORTED	check_0147
pixel_order.scope	EMIT	hardware-run	SUPPORTED	check_0147
pop_reconverge.scope	OTHER	untested	SUPPORTED	check_0140;check_withheld
pop_reconverge.scope_kind	EMIT	hardware-run	SUPPORTED	check_0140
psel._instruction	EMIT_INSTR	hardware-run	SUPPORTED	check_misc
psel.flag	EMIT	hardware-run	SUPPORTED	check_0140
psel.mode	EMIT	hardware-run	SUPPORTED	check_0140
psel.sel	EMIT	hardware-run	SUPPORTED	check_0140
ray_move.b3	OTHER	untested	SUPPORTED	check_e0189_nonzero
ray_move_copy6.optype	OTHER	untested	SUPPORTED	check_0157;check_withheld
rt_query_traverse.dst	OTHER	untested	SUPPORTED	check_e0189_nonzero
rt_query_traverse.opB	OTHER	untested	SUPPORTED	check_e0189_nonzero
rtq_state_move.dst	EMIT	hardware-run	SUPPORTED	check_0157
rtq_state_move.src	EMIT	hardware-run	SUPPORTED	check_0157
shift_amt_move.src_flag	OTHER	untested	SUPPORTED	check_e0189_nonzero
simd_ballot.dst	EMIT	isolated-byte-diff	SUPPORTED	check_0155
simd_ballot.form_sig	EMIT	isolated-byte-diff	SUPPORTED	check_0155
simd_reduce.dst	EMIT	isolated-byte-diff	SUPPORTED	check_0155
simd_shuffle.dst	EMIT	isolated-byte-diff	SUPPORTED	check_0155
sr_read_wide.dst	EMIT	hardware-run	SUPPORTED	check_0157
sr_read_wide.marshal	EMIT	hardware-run	SUPPORTED	check_0157
sr_read_wide.operand	EMIT	hardware-run	SUPPORTED	check_0157
sr_read_wide.phase	EMIT	hardware-run	SUPPORTED	check_0157
sr_read_wide.sel	EMIT	hardware-run	SUPPORTED	check_0157
sr_read_wide.width	EMIT	hardware-run	SUPPORTED	check_0157
tex_deriv.dstsrc	OTHER	untested	SUPPORTED	check_e0189_nonzero
tex_sample.chain	EMIT	hardware-run	OVERSTATED	check_0155
tex_sample.comp_flags	EMIT	hardware-run	OVERSTATED	check_0155
tex_sample.kind	EMIT	hardware-run	OVERSTATED	check_0155
tex_sample.lod_present	EMIT	hardware-run	OVERSTATED	check_0155
tex_sample.mode	OTHER	untested	SUPPORTED	check_e0189_nonzero
tex_sample.result_sel	EMIT	hardware-run	OVERSTATED	check_0155
tex_sample.samp_extra	EMIT	hardware-run	SUPPORTED	check_0155
tex_sample.tex_type	EMIT	hardware-run	OVERSTATED	check_0155
tex_write.coord_pack	EMIT	isolated-byte-diff	SUPPORTED	check_0155
uniform_mov._instruction	EMIT_INSTR	hardware-run	SUPPORTED	check_misc
uniform_mov.usrc	EMIT	hardware-run	SUPPORTED	check_0140
vtx_coord_xform.mode	EMIT	hardware-run	SUPPORTED	check_0147
vtx_coord_xform.operand	OTHER	untested	SUPPORTED	check_0147;check_withheld
vtx_coord_xform.sel	EMIT	isolated-byte-diff	SUPPORTED	check_0147
vtx_out_pos.dst	OTHER	untested	SUPPORTED	check_e0189_nonzero
